row,name,region,population,y2017,y2016,y2015,y2014,y2013,y2012,y2011,y2010
1,Москва,Москва,12506468,12380664,12330126,12197596,12108257,11979529,11856578,11776764,11503501
2,Санкт-Петербург,Санкт-Петербург,5351935,5281579,5225690,5191690,5131942,5028000,4953219,4899344,4879566
3,Новосибирск,Новосибирская область,1612833,1602915,1584138,1567087,1547910,1523801,1498921,1473700,1473754
4,Екатеринбург,Свердловская область,1468833,1455514,1444439,1428042,1412346,1396074,1377738,1350100,1349772
5,Нижний Новгород,Нижегородская область,1259013,1261666,1266871,1267760,1263873,1259921,1254592,1250600,1250619
6,Казань,Татарстан,1243500,1231878,1216965,1205651,1190850,1176187,1161308,1145424,1143535
7,Челябинск,Челябинская область,1202371,1198858,1191994,1183387,1169432,1156201,1143458,1131108,1130132
8,Омск,Омская область,1172070,1178391,1178079,1173854,1166092,1160670,1156583,1154121,1154116
9,Самара,Самарская область,1163399,1169719,1170910,1171820,1172348,1171598,1169184,1166710,1164685
10,Ростов-на-Дону,Ростовская область,1130305,1125299,1119875,1114806,1109835,1103733,1096448,1091544,1089261
11,Уфа,Башкортостан,1120547,1115560,1110976,1105667,1096702,1077719,1072291,1065602,1062319
12,Красноярск,Красноярский край,1090811,1082933,1066934,1052218,1035528,1016385,997316,973900,973826
13,Пермь,Пермский край,1051583,1048005,1041876,1036469,1026477,1013887,1000672,991882,991162
14,Воронеж,Воронежская область,1047549,1039801,1032382,1023570,1014610,1003638,991269,979884,889680
15,Волгоград,Волгоградская область,1013533,1015586,1016137,1017451,1017985,1018790,1018739,1021200,1021215
1,Краснодар,Краснодарский край,899541,881476,853848,829677,805680,784048,763899,744900,744995
2,Саратов,Саратовская область,844858,845300,843460,842097,840785,839755,836892,837436,837900
3,Тюмень,Тюменская область,768358,744554,720575,697037,679861,634171,609650,581800,581907
4,Тольятти,Самарская область,707408,710567,712619,719646,718127,719149,719596,719500,719632
5,Ижевск,Удмуртия,648213,646277,643496,642024,637309,632913,629455,627917,627734
6,Барнаул,Алтайский край,632372,633301,635585,635530,632848,629681,621700,612100,612401
7,Ульяновск,Ульяновская область,626540,624518,621514,619492,616672,615306,614444,614356,637564
8,Иркутск,Иркутская область,623869,623736,623424,620099,612973,606137,597846,589949,587891
9,Хабаровск,Хабаровский край,618150,616242,611160,607216,601043,593636,585556,577753,577441
10,Ярославль,Ярославская область,608722,608079,606703,603961,602400,599169,595155,591500,591486
11,Владивосток,Приморский край,604901,606589,606653,604602,603244,600378,597476,592100,592034
12,Махачкала,Дагестан,596356,592976,587876,583233,578332,576194,574277,578000,572076
13,Томск,Томская область,574002,572740,569293,564910,557179,547989,539205,522900,524669
14,Оренбург,Оренбургская область,564773,564443,562569,561279,560046,556127,554723,547427,548331
15,Кемерово,Кемеровская область,558973,556920,553076,549159,544006,540095,536270,532717,532981
16,Новокузнецк,Кемеровская область,553638,552445,551253,550127,550213,549182,549589,548127,547904
17,Рязань,Рязанская область,538962,537622,534762,532772,530341,527905,525929,525100,524927
18,Астрахань,Астраханская область,533925,532504,531719,532699,530863,527345,525387,520700,520339
19,Набережные Челны,Татарстан,532472,529797,526750,524444,522048,519025,516637,513773,513193
20,Пенза,Пензенская область,523553,523726,524632,522823,521329,519900,519992,517404,517311
21,Липецк,Липецкая область,509735,510439,510020,510152,509719,509098,508066,508890,508887
22,Киров,Кировская область,507155,501468,496986,493336,487138,483176,478012,474053,473695
1,Чебоксары,Чувашия,492331,489498,480741,473895,468725,464940,460383,455181,447929
2,Тула,Тульская область,482873,485221,485930,487841,490508,493813,499511,500314,501169
3,Калининград,Калининградская область,475056,467289,459560,453461,448548,441376,433532,431500,431902
4,Балашиха,Московская область,468221,450771,428400,260704,247075,235336,221804,215300,215494
5,Курск,Курская область,448733,449063,443212,435117,431171,428741,423181,414600,415159
6,Севастополь,Севастополь,436670,428753,416263,398973,393304,342580,340559,340297,340102
7,Улан-Удэ,Бурятия,434869,431922,430550,426650,421453,416079,411646,405799,404426
8,Ставрополь,Ставропольский край,433931,433577,429571,425853,419816,412116,404606,399181,398539
9,Сочи,Краснодарский край,424281,411524,401291,389946,394651,368011,360324,343300,343334
10,Тверь,Тверская область,420065,419363,416442,414006,411042,408877,406918,404030,403606
11,Магнитогорск,Челябинская область,416521,418241,417563,417039,414897,411880,409593,407895,407775
12,Иваново,Ивановская область,406113,406933,408025,409285,409223,409075,408826,409300,408330
13,Брянск,Брянская область,405723,406553,405921,407256,408472,410837,412753,415600,415721
14,Белгород,Белгородская область,391554,391135,387090,384425,379508,373528,366110,356400,356402
15,Сургут,Ханты-Мансийский АО,366189,360590,348643,340845,332313,325511,316624,308507,306675
16,Владимир,Владимирская область,357024,356168,354827,352681,350087,347930,345907,346177,345373
17,Нижний Тагил,Свердловская область,353950,355693,356288,356773,357280,358378,358917,361900,361811
18,Архангельск,Архангельская область,349742,351488,351226,350982,350368,350985,349533,348576,348783
19,Чита,Забайкальский край,349005,347088,343511,339453,335760,331346,327423,323900,324444
20,Симферополь,Крым,341799,341155,336460,332608,332317,337285,335582,336330,336588
21,Калуга,Калужская область,340851,341892,341986,342936,334191,331351,326400,324472,324698
22,Смоленск,Смоленская область,330025,329853,328906,330049,330961,330970,329944,326900,326861
23,Волжский,Волгоградская область,325224,326055,325895,326602,326841,327356,314169,314400,314255
24,Саранск,Мордовия,318841,314789,307698,302285,299195,298287,297924,297400,297415
25,Курган,Курганская область,318045,322042,325189,326292,325720,325565,327898,332803,333606
26,Череповец,Вологодская область,317970,318856,318536,318107,316758,315738,314646,312904,309298
27,Орёл,Орловская область,315308,318633,319651,319550,317076,318136,319138,317900,317747
28,Вологда,Вологодская область,312420,313012,312686,311166,308172,306487,304301,301600,298473
29,Якутск,Якутия,311760,307911,303836,299169,294138,286456,278406,269500,269601
30,Владикавказ,Северная Осетия,306258,306978,307478,308190,307310,308285,310070,311563,311693
31,Подольск,Московская область,302831,299660,293765,223896,218537,206669,193435,188000,187961
32,Грозный,Чечня,297137,291687,287410,283659,280263,277414,275627,271600,271573
33,Мурманск,Мурманская область,295374,298096,301572,305236,299148,302468,305034,307310,307257
34,Тамбов,Тамбовская область,293661,290365,288414,288895,284972,281834,280856,280500,280161
35,Стерлитамак,Башкортостан,279626,280233,279692,278678,277048,275798,274382,273400,273486
36,Петрозаводск,Карелия,279190,278551,277111,275346,272101,268946,265263,263500,261987
37,Кострома,Костромская область,277280,277648,276691,276090,273382,271445,269262,268600,268742
38,Нижневартовск,Ханты-Мансийский АО,275429,274575,270846,268456,265994,263228,258780,252488,251694
39,Новороссийск,Краснодарский край,273278,270774,266977,262250,256580,251013,246687,241800,241952
40,Йошкар-Ола,Марий Эл,268272,266675,265044,263190,260352,257015,252935,248704,248782
41,Химки,Московская область,250688,244668,239967,232066,225678,221084,215462,207100,207425
1,Таганрог,Ростовская область,249848,250287,251050,253040,253587,254783,256565,257221,257681
2,Комсомольск-на-Амуре,Хабаровский край,248254,249810,251283,253030,254934,257891,260257,263336,263906
3,Сыктывкар,Республика Коми,245083,244646,243536,242718,241982,240111,238586,240112,235006
4,Нальчик,Кабардино-Балкария,239300,239200,239040,238987,238802,239098,239337,240100,240203
5,Нижнекамск,Татарстан,237942,237250,236197,235448,235605,235407,234928,234088,234044
6,Шахты,Ростовская область,233814,235492,236749,237233,237407,237568,238486,240094,239987
7,Дзержинск,Нижегородская область,230639,231797,233126,234284,235840,237668,239007,240800,240742
8,Братск,Иркутская область,229286,231602,234147,236313,238825,241273,243926,246345,246319
9,Орск,Оренбургская область,229255,230414,231104,232905,234813,236390,238006,239800,239800
10,Энгельс,Саратовская область,226176,225752,224213,221847,217776,212899,207462,202838,202419
11,Ангарск,Иркутская область,225772,226374,226776,227507,229592,231340,232535,233380,233567
12,Благовещенск,Амурская область,225091,224419,224335,224192,220077,217644,215736,214400,214390
13,Старый Оскол,Белгородская область,224153,223360,222125,221254,220630,220816,220619,221100,221085
14,Королёв,Московская область,222952,221797,221129,220947,187811,187284,185643,183398,183402
15,Великий Новгород,Новгородская область,222868,222594,221868,221954,219971,219925,219947,218700,218717
16,Мытищи,Московская область,211606,205397,201130,187119,183224,178672,174971,173300,173160
17,Псков,Псковская область,210501,209840,208145,207571,206730,206154,203974,202882,203279
18,Люберцы,Московская область,202918,197705,190480,189123,185067,181097,176662,172000,172525
19,Бийск,Алтайский край,201914,203108,203826,204164,204041,205250,207409,210011,210115
20,Южно-Сахалинск,Сахалинская область,198973,194882,193669,192780,192734,190227,186267,181651,181728
21,Прокопьевск,Кемеровская область,194084,196406,198438,200547,202672,204932,207104,209733,210130
22,Армавир,Краснодарский край,190709,190871,191007,191568,191799,191389,190250,188900,188832
23,Балаково,Саратовская область,189829,191260,192359,193533,194573,196255,197583,199192,199690
24,Рыбинск,Ярославская область,188678,190429,191840,193341,194843,196565,198132,200800,200771
25,Абакан,Хакасия,184168,181709,179163,176212,173205,169760,167562,165200,165214
26,Северодвинск,Архангельская область,183255,183996,185075,186172,187284,188539,190083,191794,192353
27,Петропавловск-Камчатский,Камчатский край,181246,180454,180963,181015,182711,181618,179784,179500,179780
28,Норильск,Красноярский край,179554,178018,177428,176251,176559,177738,177273,175300,175365
29,Уссурийск,Приморский край,172017,170660,168598,168137,166819,165072,161841,158000,158004
30,Волгодонск,Ростовская область,171729,171471,170558,170230,170074,170126,170244,170504,170841
31,Сызрань,Самарская область,171335,173260,174559,175222,176057,176901,177918,178800,178750
32,Каменск-Уральский,Свердловская область,168997,169929,170221,170922,171483,172145,173142,174700,174689
33,Новочеркасск,Ростовская область,168022,168766,170233,172817,173464,173140,169032,169277,168746
34,Златоуст,Челябинская область,166885,167978,169057,169957,170920,172318,173628,175000,174962
35,Красногорск,Московская область,161525,153393,144614,137587,132036,127600,122790,116700,116896
36,Электросталь,Московская область,158226,158508,158479,158222,157409,156558,155705,155300,155196
37,Альметьевск,Татарстан,155988,154262,152580,151157,149894,149044,147717,146473,146393
38,Салават,Башкортостан,152354,153181,153973,155655,154593,154884,155464,156100,156095
39,Миасс,Челябинская область,151673,151856,151387,151322,150824,150665,150944,151592,151751
40,Керчь,Крым,150573,149566,148932,147668,147033,145265,145845,146516,147269
41,Находка,Приморский край,149316,151420,153581,155722,156442,158358,158929,159700,159719
42,Копейск,Челябинская область,148136,147573,146146,144552,141878,139875,138435,137647,137601
43,Пятигорск,Ставропольский край,145885,145836,145448,145971,145952,145427,143784,142664,142511
44,Рубцовск,Алтайский край,144128,145333,146386,146516,147448,145834,146310,146948,147002
45,Березники,Пермский край,143072,145115,146626,148955,150696,152966,154632,156500,156466
46,Коломна,Московская область,142691,144125,143578,144253,144316,144707,144963,144600,144589
47,Майкоп,Адыгея,141970,143343,144055,144101,144544,144683,144467,144200,144249
48,Хасавюрт,Дагестан,141259,140047,138420,136789,135329,133858,132515,133900,131187
49,Одинцово,Московская область,140537,141493,141317,141429,140439,137810,137592,139000,138930
50,Ковров,Владимирская область,137594,138552,139280,140117,140981,142164,143590,145126,145214
51,Кисловодск,Ставропольский край,129593,129861,129993,130007,129949,129355,129280,128486,128553
52,Домодедово,Московская область,127850,124285,116950,112052,108223,104662,100617,96100,96145
53,Нефтекамск,Башкортостан,127821,126805,125915,125000,124005,123540,122844,121800,121733
54,Нефтеюганск,Ханты-Мансийский АО,126998,126157,125368,125368,125850,125882,125173,123284,122855
55,Батайск,Ростовская область,126769,124705,122247,119807,117405,115696,114337,112411,111843
56,Новочебоксарск,Чувашия,126626,126072,125489,124869,123992,123922,124063,124100,124097
57,Серпухов,Московская область,125817,125929,126586,126728,127125,126845,126598,126500,127041
58,Щёлково,Московская область,125634,125843,123520,118962,116366,112993,109828,110400,110411
59,Новомосковск,Тульская область,124787,125647,126479,127214,127984,128902,130212,143347,131386
60,Дербент,Дагестан,123720,123162,122354,121251,120470,119813,119476,120000,119200
61,Первоуральск,Свердловская область,123655,124447,124981,125495,125573,125490,125364,124500,124528
62,Черкесск,Карачаево-Черкесия,122395,122478,123128,124187,124951,126206,127552,121400,129069
63,Орехово-Зуево,Московская область,118822,119956,120165,120184,120699,121377,121317,120600,120670
64,Назрань,Ингушетия,117936,116020,113288,109284,105823,102471,98660,93949,93335
65,Невинномысск,Ставропольский край,117446,117676,117891,117868,117638,117663,118225,118212,118360
66,Кызыл,Тыва,116983,116015,115871,114181,113986,113333,111995,110233,109918
67,Каспийск,Дагестан,116340,113348,110080,107329,105106,103181,101655,103900,100129
68,Раменское,Московская область,116077,112989,109709,106264,103069,100755,99091,96300,96317
69,Димитровград,Ульяновская область,115253,116055,116678,117383,118513,119999,121487,122231,122580
70,Обнинск,Калужская область,115029,113639,111360,109365,107319,106023,105421,104682,104739
71,Новый Уренгой,Ямало-Ненецкий АО,114837,113254,111163,115092,115753,116450,112192,105467,104107
72,Октябрьский,Башкортостан,113827,113929,113626,112478,112249,111551,110667,109400,109474
73,Камышин,Волгоградская область,111100,111775,112501,113402,115070,116724,117983,119900,119565
74,Муром,Владимирская область,109072,109809,110070,110746,111474,112609,114047,115865,116075
75,Долгопрудный,Московская область,108861,104238,100567,98788,97505,94989,92860,91000,90956
76,Ессентуки,Ставропольский край,108679,107404,105881,104288,103093,102269,101441,101136,100996
77,Новошахтинск,Ростовская область,108345,108782,109020,109139,109468,110122,110365,110919,111075
78,Жуковский,Московская область,108187,108980,108427,107815,107552,106872,106248,102700,104736
79,Северск,Томская область,107494,107922,108134,108436,108950,109594,109666,108500,108590
80,Ноябрьск,Ямало-Ненецкий АО,106930,106879,106631,107129,107447,108087,109236,110539,110620
81,Евпатория,Крым,106777,106158,106202,106115,105719,106877,106840,106698,106846
82,Артём,Приморский край,106692,106732,105338,103925,102405,102451,102757,102600,102603
83,Пушкино,Московская область,105479,106577,107143,108253,106121,104754,103301,102800,102874
84,Ачинск,Красноярский край,105259,105264,105364,106029,106502,107583,108312,109200,109155
85,Елец,Липецкая область,104349,105016,105384,105989,106377,106978,107711,108267,108404
86,Арзамас,Нижегородская область,104140,104547,104785,104831,105065,105344,105667,106248,106362
87,Реутов,Московская область,103779,99989,96627,94180,91529,91026,89253,87300,87314
88,Бердск,Новосибирская область,103578,103290,102808,102608,101679,100259,98809,97300,96800
89,Сергиев Посад,Московская область,103444,104579,104994,106007,106718,108490,109656,110900,111179
90,Элиста,Калмыкия,103132,103899,104005,104387,104017,104238,104125,103504,103749
91,Ногинск,Московская область,102592,102267,101847,102247,101897,101834,101717,100100,100072
92,Новокуйбышевск,Самарская область,102075,102933,103908,105007,106023,106883,107592,108400,108438
93,Железногорск,Курская область,100740,100671,99683,98756,97601,96563,95827,95049,95049
1,Зеленодольск,Татарстан,99491,99235,98763,98462,98120,97929,97861,97742,97674
2,Тобольск,Тюменская область,98998,98886,98434,98162,98052,98169,98287,99700,99694
3,Ханты-Мансийск,Ханты-Мансийский АО,98485,98692,96936,95353,93493,90961,85029,80549,80151
4,Воткинск,Удмуртия,97550,98063,98134,98222,98045,98287,98628,99000,99022
5,Серов,Свердловская область,97366,97762,97940,98041,98294,98884,99060,99400,99373
6,Сарапул,Удмуртия,97305,97910,98569,99213,99869,100153,100589,101400,101381
7,Ухта,Республика Коми,97087,97806,98293,98894,99155,99513,99847,99600,99591
8,Междуреченск,Кемеровская область,97060,97895,98734,98831,98895,99809,100725,101575,101678
9,Ленинск-Кузнецкий,Кемеровская область,96139,96921,97666,98667,99298,99689,100458,101491,101666
10,Саров,Нижегородская область,95388,95065,94417,94417,94080,93428,92996,,92047
11,Гатчина,Ленинградская область,94447,95186,95623,96334,95860,95135,93843,92900,92937
12,Соликамск,Пермский край,93868,94628,95191,95514,95828,96306,96759,97063,97384
13,Воскресенск,Московская область,93565,94019,94121,93824,93521,92856,92241,91500,91464
14,Мичуринск,Тамбовская область,93330,93690,94741,95864,96606,96808,97581,98800,98758
15,Глазов,Удмуртия,93056,93628,93995,94610,94909,95117,95553,95900,95854
16,Магадан,Магаданская область,92782,92711,92081,92974,94344,95048,95463,,95982
17,Великие Луки,Псковская область,91435,92757,94021,95606,96514,97866,98427,98552,98778
18,Михайловск,Ставропольский край,90698,87916,85387,82743,79607,75677,72828,71125,70981
19,Киселёвск,Кемеровская область,89867,90980,92210,93367,94564,95781,96847,98147,98365
20,Канск,Красноярский край,89508,90231,91018,91658,92142,92575,93060,94042,94226
21,Каменск-Шахтинский,Ростовская область,88997,89657,90307,91159,91995,92989,94197,95181,95296
22,Лобня,Московская область,88220,87352,86020,84225,82071,79436,76654,74300,74252
23,Губкин,Белгородская область,86780,86999,87083,87405,87896,87556,88106,88600,88560
24,Новотроицк,Оренбургская область,86474,88216,89905,91640,93578,95095,96546,98200,98173
25,Бузулук,Оренбургская область,86187,86316,85896,85199,84671,84088,83326,82900,82904
26,Бугульма,Татарстан,84522,85476,86085,86747,87193,87689,88317,89042,89204
27,Железногорск,Красноярский край,83857,84144,84543,84860,84930,84943,84686,,84795
28,Ейск,Краснодарский край,83665,84259,85192,85760,85855,86310,86943,87800,87769
29,Чайковский,Пермский край,83077,83486,83056,83202,82930,82900,82866,82900,82895
30,Кинешма,Ивановская область,82995,83871,84561,85344,86067,86742,87415,88200,88164
31,Кузнецк,Пензенская область,82276,83400,84267,85231,86155,87157,87985,88763,88839
32,Усть-Илимск,Иркутская область,81976,82455,82820,83023,83635,84315,85127,86405,86610
33,Юрга,Кемеровская область,81759,81733,81396,81139,81446,81385,81180,81454,81533
34,Новоуральск,Свердловская область,81202,81577,81854,82594,83107,83623,84352,,85522
35,Азов,Ростовская область,80721,81335,81862,81995,82495,83030,82901,82852,82937
36,Ялта,Крым,79458,79457,78452,77003,76746,78115,78040,78032,78334
37,Клин,Московская область,79168,79056,79075,79249,79461,79924,80128,80600,80585
38,Озёрск,Челябинская область,79069,79265,79518,80017,80596,81023,81521,82200,82164
39,Кропоткин,Краснодарский край,78631,79152,79664,79795,80030,80285,80599,80800,80765
40,Бор,Нижегородская область,78063,78385,78373,78145,77918,78015,78004,78050,78058
41,Усолье-Сибирское,Иркутская область,77407,77989,78569,79363,80331,81385,82338,83086,83327
42,Выборг,Ленинградская область,77400,78457,79350,79897,80265,80896,80653,80075,79962
43,Геленджик,Краснодарский край,76830,74887,72030,69341,65059,61391,58058,55000,54980
44,Балашов,Саратовская область,76776,77391,78218,79067,79695,80668,81375,82022,82227
45,Ивантеевка,Московская область,76612,74497,72023,69265,66695,63596,61481,58600,58626
46,Анапа,Краснодарский край,75865,75375,73410,70453,66776,63693,61555,59000,58990
47,Шадринск,Курганская область,75348,75623,76393,77031,77215,77407,77034,77672,77756
48,Дубна,Московская область,75144,75018,75179,75176,74791,73840,72357,70700,70663
49,Черногорск,Хакасия,75067,74698,74268,73825,73187,72599,72283,72100,72147
50,Минеральные Воды,Ставропольский край,74758,75381,75620,75974,76205,76291,76441,76696,76728
51,Елабуга,Татарстан,74031,73817,73333,72929,71991,72049,71181,70878,70728
52,Троицк,Челябинская область,73911,75231,75825,76453,77176,77737,78089,78209,78372
53,Егорьевск,Московская область,73766,73723,73324,71285,71154,70765,70392,70100,70081
54,Биробиджан,Еврейская автономная область,73623,74095,74559,74777,74791,75542,76203,75833,75413
55,Новоалтайск,Алтайский край,73439,73712,73134,72308,70985,70357,70317,70473,70437
56,Всеволожск,Ленинградская область,72864,70292,67911,66245,64368,62129,60354,59700,59704
57,Чапаевск,Самарская область,72778,72944,72933,72815,72407,72372,72424,72700,72692
58,Белово,Кемеровская область,72519,72843,73400,74046,74313,74960,75502,76800,76764
59,Кирово-Чепецк,Кировская область,72071,73279,74134,75002,75963,77166,78635,80653,80921
60,Чехов,Московская область,71301,70548,69789,69028,67603,65359,62385,60700,60720
61,Анжеро-Судженск,Кемеровская область,70476,71787,72827,73705,74376,74990,75597,76600,76646
62,Верхняя Пышма,Свердловская область,70160,69117,67674,65781,64113,62588,60662,59700,59749
63,Клинцы,Брянская область,69936,62832,61916,61517,61919,61515,61556,62500,62510
64,Туймазы,Башкортостан,68256,68410,68340,68037,67587,67088,66924,66800,66836
65,Дмитров,Московская область,68044,67506,66588,65716,64906,64000,62899,61300,61305
66,Сосновый Бор,Ленинградская область,68013,68045,67602,67397,67079,66967,66968,65710,65788
67,Минусинск,Красноярский край,68007,68410,68309,68270,68867,69263,70111,71200,71170
68,Феодосия,Крым,67902,67993,68562,69145,69038,69461,69786,70043,70392
69,Кстово,Нижегородская область,67871,67723,67305,67375,66788,66989,66758,66711,66657
70,Георгиевск,Ставропольский край,67714,69030,69944,70803,71017,70645,71583,72143,72153
71,Славянск-на-Кубани,Краснодарский край,66285,66014,65812,65380,65115,64721,64226,63800,63842
72,Когалым,Ханты-Мансийский АО,66231,64704,63334,62191,61011,59994,58803,58200,58181
73,Белогорск,Амурская область,66183,66445,66832,67216,67572,67991,67912,68200,68249
74,Видное,Московская область,66158,65074,62355,59334,57358,57267,57414,56800,56752
75,Ступино,Московская область,66075,66341,66420,66463,66414,66464,66662,66800,66816
76,Кунгур,Пермский край,65690,66157,66311,66606,66765,66478,66316,66100,66074
77,Сунжа,Ингушетия,65492,65006,64493,64041,63447,63151,62730,61676,61598
78,Белорецк,Башкортостан,65477,65801,66171,66584,66939,67735,68363,68800,68806
79,Заречный,Пензенская область,65156,64982,64887,64497,64095,63868,63795,,63601
80,Ишим,Тюменская область,65142,65259,65521,65289,65002,64897,64883,65230,65243
81,Ишимбай,Башкортостан,65085,65422,65822,66240,66177,66341,66065,66166,66259
82,Буйнакск,Дагестан,65080,64538,63888,63312,62921,62959,62749,62684,62623
83,Гуково,Ростовская область,64869,66332,65713,65336,65264,65775,66327,67103,67278
84,Павловский Посад,Московская область,64865,65432,65633,65800,65592,64989,64383,63700,63711
85,Асбест,Свердловская область,64091,64666,65305,66108,66855,67414,68104,68900,68893
86,Донской,Тульская область,63631,63842,64201,64403,63955,64266,64368,64460,64552
87,Горно-Алтайск,Республика Алтай,63214,63295,62861,62309,61420,60828,59720,59720,56933
88,Вольск,Саратовская область,63212,63947,64315,64347,64558,65163,65774,66375,66508
89,Россошь,Воронежская область,62827,62884,62680,62688,62538,62507,62752,62900,62865
90,Ревда,Свердловская область,62687,62632,62395,62209,61974,61826,61775,61900,61875
91,Лениногорск,Татарстан,62531,63049,63314,63635,63708,63906,63716,64045,64127
92,Будённовск,Ставропольский край,62495,62715,62964,63338,63644,64176,64676,64728,64624
93,Туапсе,Краснодарский край,62269,62841,63058,63417,63185,62959,63108,63300,63292
94,Зеленогорск,Красноярский край,62245,62466,62670,63388,64343,65055,65617,66100,66056
95,Наро-Фоминск,Московская область,62119,62002,62055,62268,62295,62971,63942,64700,64665
96,Полевской,Свердловская область,61853,62259,62402,62718,62904,63412,63743,64200,64220
97,Котлас,Архангельская область,61805,61902,61512,60981,60532,60348,60329,60600,60562
98,Борисоглебск,Воронежская область,61765,62669,63131,63678,64208,64891,65250,65600,65585
99,Лысьва,Пермский край,61752,62592,63083,63558,64038,64430,65069,65900,65918
100,Сибай,Башкортостан,61266,61054,61534,62356,62562,62669,62911,62800,62763
101,Фрязино,Московская область,60437,60408,59793,58942,58177,57252,56365,55400,55369
102,Чистополь,Татарстан,60172,60564,60949,61110,61092,60985,60818,60752,60755
103,Лабинск,Краснодарский край,60164,60889,60665,60971,61195,62076,62948,62800,62864
104,Кумертау,Башкортостан,60164,60807,61312,61810,61943,62284,62350,62900,62851
105,Урус-Мартан,Чечня,59954,58588,57358,55783,54248,52744,51363,49100,49070
106,Лесосибирск,Красноярский край,59525,59642,59844,59903,60277,60607,60875,61100,61139
107,Ржев,Тверская область,59422,59804,60039,60334,60831,61091,61439,61916,61982
108,Белебей,Башкортостан,59175,59123,59204,59430,59533,59683,59900,60200,60700
109,Александров,Владимирская область,59036,59328,59787,60205,60580,60933,61278,61472,61551
110,Избербаш,Дагестан,58690,58147,57511,56914,56322,55988,55919,55600,55646
111,Тихорецк,Краснодарский край,58352,58982,59297,59597,59981,60547,61164,61800,61823
112,Михайловка,Волгоградская область,58221,58407,58433,58380,58320,58656,58857,59100,59132
113,Нягань,Ханты-Мансийский АО,58201,57765,57120,56617,55946,55638,55526,55075,54890
114,Тихвин,Ленинградская область,58136,57900,57970,58253,58289,58497,58502,58500,58459
115,Шуя,Ивановская область,58114,58723,58690,58795,58570,58616,58357,58500,58486
116,Мелеуз,Башкортостан,58004,58536,59064,59446,59994,60475,60532,61400,61390
117,Щёкино,Тульская область,57979,58088,57973,58344,58531,58456,58050,58100,58139
118,Лыткарино,Московская область,57946,57565,57076,56360,56050,55780,55704,55200,55237
119,Алексин,Тульская область,57892,58329,58759,58716,59157,59747,60744,61700,61732
120,Берёзовский,Свердловская область,57892,57194,56586,56052,55199,54378,53264,51700,51651
121,Прохладный,Кабардино-Балкария,57857,57879,58083,58182,57934,58203,58804,59600,59601
122,Павлово,Нижегородская область,57630,58163,58423,58582,59029,59511,59967,60547,60698
123,Сальск,Ростовская область,57622,58179,58680,59126,59696,60161,60775,61300,61316
124,Крымск,Краснодарский край,57229,57254,57184,56939,57125,57662,58128,57400,57382
125,Нерюнгри,Якутия,57009,57247,57791,58133,58846,60013,60508,61700,61747
126,Краснотурьинск,Свердловская область,57008,57514,58023,58581,58874,59219,59340,59600,59633
127,Искитим,Новосибирская область,56602,57032,57416,57795,57938,58342,59058,60100,63700
128,Воркута,Республика Коми,56088,58133,59231,60368,61638,64353,67100,70500,70548
129,Апатиты,Мурманская область,55713,56356,56730,57398,57905,58681,59237,59664,59672
130,Дзержинский,Московская область,55669,54788,53867,51306,48470,48295,47981,47200,47163
131,Гусь-Хрустальный,Владимирская область,54533,55421,55973,56676,57616,58571,59653,60800,60784
132,Волжск,Марий Эл,54177,54519,54600,54701,54872,54881,54889,55550,55659
133,Лиски,Воронежская область,53897,54184,54437,54788,55149,55092,55127,55900,55864
134,Шали,Чечня,53807,53016,52234,51268,50412,49967,49026,47700,47708
135,Свободный,Амурская область,53678,54156,54536,55159,56246,57065,57713,58800,58778
136,Краснокамск,Пермский край,53631,53864,53964,53939,53697,53180,52424,51900,51916
137,Жигулёвск,Самарская область,53407,54343,55052,55476,55559,55570,55606,55600,55565
138,Выкса,Нижегородская область,53219,53406,53477,53628,54163,54784,55486,56092,56201
139,Гудермес,Чечня,52908,51776,52407,51215,50009,49029,47690,45600,45631
140,Сертолово,Ленинградская область,52535,51307,51090,50899,50447,49172,48400,47500,47457
141,Вязьма,Смоленская область,52506,53117,53660,54269,54754,55563,56258,57100,54600
142,Арсеньев,Приморский край,52471,52767,53083,53543,54085,54987,55823,56800,56750
143,Краснокаменск,Забайкальский край,52299,52811,53242,53795,54608,55418,55429,55700,55666
144,Североморск,Мурманская область,52255,51209,51004,49719,48977,49873,49980,49930,50060
145,Белореченск,Краснодарский край,52082,52264,52153,52322,52608,53042,53446,53900,53892
146,Тимашёвск,Краснодарский край,51925,52527,52581,52641,52953,53446,53541,53900,53924
147,Солнечногорск,Московская область,51919,52642,52446,52554,52775,52966,53072,52900,52944
148,Узловая,Тульская область,51358,51922,52377,52825,53316,53949,54511,55300,55282
149,Снежинск,Челябинская область,51048,50759,50323,49746,49475,49116,48899,48800,48810
150,Кириши,Ленинградская область,50885,51930,52338,52494,52549,52996,52572,52390,52309
151,Черемхово,Иркутская область,50819,51230,51338,51373,51324,51597,52040,52605,52647
152,Боровичи,Новгородская область,50144,50896,51555,52212,52687,53141,53383,53700,53690
153,Рославль,Смоленская область,50112,50870,51466,51775,52070,53025,53909,54900,53700
1,Назарово,Красноярский край,49991,50397,50652,51069,51437,51759,52154,52800,52817
2,Можга,Удмуртия,49328,49617,49733,49777,49841,49284,48764,48000,47961
3,Бугуруслан,Оренбургская область,49245,49585,49845,49870,49971,49942,49630,49700,49741
4,Салехард,Ямало-Ненецкий АО,49214,48507,48467,48313,47931,46650,44334,42748,42544
5,Балахна,Нижегородская область,49126,49364,49626,49867,50107,50422,50771,51376,51519
6,Лесной,Свердловская область,49056,49149,49111,49338,49408,49684,50136,50400,50363
7,Кизляр,Дагестан,48907,48396,48237,48102,48078,48037,48579,49000,48984
8,Курганинск,Краснодарский край,48689,48964,49006,49037,48534,48359,48189,48000,47970
9,Кашира,Московская область,48656,49247,49638,39929,40213,40824,41451,41900,41870
10,Шелехов,Иркутская область,48098,47608,47378,47120,46775,47974,47911,47961,47943
11,Донецк,Ростовская область,47770,48428,48699,48979,49170,49504,49772,49996,50098
12,Мегион,Ханты-Мансийский АО,47720,48283,48818,49063,48949,48539,48763,49400,49449
13,Саяногорск,Хакасия,47358,47983,48299,48740,48851,48942,49145,49900,49887
14,Ливны,Орловская область,47221,47489,47924,48327,48996,49342,49873,50300,50343
15,Отрадный,Самарская область,47180,47542,47470,47593,47569,47603,47769,48289,48356
16,Вышний Волочёк,Тверская область,46908,47732,48177,48844,49391,50341,51259,52226,52370
17,Кингисепп,Ленинградская область,46747,47312,47705,47969,48128,48260,48640,48500,48488
18,Заринск,Алтайский край,46597,46830,47035,47274,47586,47771,48049,48461,48461
19,Грязи,Липецкая область,46492,46586,46503,46289,46166,46441,46671,46817,46807
20,Бирск,Башкортостан,46379,46330,46132,45553,44679,43765,42928,41600,41635
21,Берёзовский,Кемеровская область,46215,46859,47140,47352,47250,47233,47330,47367,47279
22,Торжок,Тверская область,45641,46031,46312,46690,46950,47260,47326,47739,47644
23,Канаш,Чувашия,45482,45501,45716,45734,45819,45759,45655,45600,45607
24,Рузаевка,Мордовия,45248,45988,46064,46213,46437,46787,47060,47500,47523
25,Аксай,Ростовская область,45078,44828,44279,43558,43166,42747,42481,42000,41969
26,Котельники,Московская область,44869,44353,43128,41308,39443,37105,35081,32300,32338
27,Волхов,Ленинградская область,44868,45195,45585,46076,46589,46827,46891,47064,47182
28,Чусовой,Пермский край,44779,45291,45546,45719,45878,46037,46341,46700,46735
29,Кимры,Тверская область,44743,45504,46101,46771,47235,47625,48562,49388,49628
30,Надым,Ямало-Ненецкий АО,44594,44660,44940,45766,45792,46765,47360,46696,46611
31,Куйбышев,Новосибирская область,44170,44246,44616,44627,44511,44606,44843,45300,45299
32,Лангепас,Ханты-Мансийский АО,44108,43534,43377,42956,42801,42683,42447,41772,41670
33,Ярцево,Смоленская область,44097,44740,45559,46219,46266,46970,47518,47800,48800
34,Радужный,Владимирская область,43485,43157,42963,42911,43177,43580,43565,43680,43399
35,Рассказово,Тамбовская область,43330,43758,44180,44760,44928,44996,45138,45500,45484
36,Кольчугино,Владимирская область,43089,43543,43784,44125,44405,44786,45225,45653,45776
37,Осинники,Кемеровская область,42454,43008,43445,43901,44229,44771,44983,45799,46001
38,Верхняя Салда,Свердловская область,42166,42733,43258,43887,44404,44936,45605,46200,46221
39,Сафоново,Смоленская область,42147,42707,43145,43477,43845,44444,45273,46100,43500
40,Мончегорск,Мурманская область,42099,42581,42893,43213,43470,44007,44643,45253,45361
41,Кореновск,Краснодарский край,42019,41823,41876,41828,41330,41043,41004,41200,41166
42,Шебекино,Белгородская область,41934,42465,42903,43331,43585,43786,44012,44300,44279
43,Сатка,Челябинская область,41798,42214,42437,42688,43229,43934,44443,45043,45178
44,Краснознаменск,Калининградская область,41769,41287,40433,39273,38445,38262,37186,36300,36103
45,Моздок,Северная Осетия,41728,41409,40564,40042,39432,39232,39089,38698,38768
46,Усть-Кут,Иркутская область,41689,42272,42498,42971,43552,44301,44805,45290,45375
47,Тулун,Иркутская область,41640,41671,41987,42029,42336,42961,43865,44497,44611
48,Стрежевой,Томская область,41475,41733,41956,41743,41553,41688,41899,42200,42219
49,Мыски,Кемеровская область,41379,41628,41938,42309,42598,42697,43038,43072,43038
50,Пугачёв,Саратовская область,40895,41056,41286,41356,41375,41355,41574,41706,41707
51,Камень-на-Оби,Алтайский край,40795,41315,41787,41897,42174,42813,43223,43854,43888
52,Темрюк,Краснодарский край,40755,40108,39646,39164,38780,38386,38284,38000,38046
53,Спасск-Дальний,Приморский край,40717,41127,41539,42020,42491,43305,43605,44200,44173
54,Усть-Лабинск,Краснодарский край,40687,41348,41729,42062,42355,42842,43083,43300,43270
55,Урай,Ханты-Мансийский АО,40477,40559,40477,40361,39893,39579,39456,39507,39457
56,Чебаркуль,Челябинская область,40378,39914,40612,40739,40892,41539,42114,42764,42844
57,Заинск,Татарстан,40366,40635,40878,41046,41242,41303,41590,41793,41803
58,Лянтор,Ханты-Мансийский АО,40317,39841,40024,40135,40000,39866,39455,,38992
59,Карабулак,Ингушетия,40308,39614,38973,38422,37883,36494,34222,31219,30961
60,Пыть-Ях,Ханты-Мансийский АО,40294,40798,40910,41005,41000,40818,41125,41533,41488
61,Белая Калитва,Ростовская область,40275,40831,41220,41734,42185,42441,42923,43700,43651
62,Тутаев,Ярославская область,40154,40441,40404,40296,40380,40563,40770,41027,41005
63,Сосновоборск,Красноярский край,40128,39375,38415,37093,35532,34499,33805,33100,33091
64,Новозыбков,Брянская область,40107,40476,40632,40765,40773,40499,40637,40579,40553
65,Апшеронск,Краснодарский край,40016,40239,40349,40244,40199,40266,40287,40200,40225
66,Ялуторовск,Тюменская область,39967,39837,39399,38838,38327,37488,37024,36565,36493
67,Советск,Калининградская область,39752,40486,40984,41212,41630,41802,41941,41700,41705
68,Амурск,Хабаровский край,39431,40106,40561,40803,41074,41688,42117,42936,42970
69,Печора,Республика Коми,39400,40048,40653,40910,41189,41716,42296,43100,43105
70,Елизово,Камчатский край,39216,38771,38824,38637,38643,38887,38903,39600,39569
71,Ртищево,Саратовская область,39005,39390,39612,40043,40248,40649,40961,41256,41289
72,Качканар,Свердловская область,38996,39338,39737,40036,40260,40606,40998,41400,41426
73,Саянск,Иркутская область,38968,38897,38957,38887,39198,39453,39895,40629,40800
74,Моршанск,Тамбовская область,38943,39362,39842,39583,40029,40412,40869,41600,41556
75,Джанкой,Крым,38669,38714,38934,38676,38622,36086,36458,36860,37275
76,Переславль-Залесский,Ярославская область,38649,39105,39464,40028,40283,40930,41341,41800,41925
77,Мариинск,Кемеровская область,38637,39091,39332,39619,39850,40092,40287,40511,40526
78,Конаково,Тверская область,38486,39345,39889,40617,41434,41205,41310,41300,41291
79,Новодвинск,Архангельская область,38434,38735,38906,39222,39613,39937,40288,40574,40615
80,Красноуфимск,Свердловская область,38395,38731,38988,39252,39306,39353,39551,39800,39765
81,Усинск,Республика Коми,38376,38800,39025,39431,39831,40021,40518,,40827
82,Курчатов,Курская область,38344,38776,38917,39395,40022,40973,41812,42700,42706
83,Алексеевка,Белгородская область,38329,38447,38566,38626,38876,38979,38949,39000,39026
84,Красный Сулин,Ростовская область,38284,38567,38948,39212,39497,39859,40358,40900,40866
85,Людиново,Калужская область,38267,38846,38993,39239,39515,39819,40137,40480,40530
86,Заволжье,Нижегородская область,38230,38527,38906,39236,39344,39536,40021,40377,40460
87,Баксан,Кабардино-Балкария,38192,38053,37782,37527,37373,37163,36907,36900,36860
88,Абинск,Краснодарский край,38176,37749,37415,36986,36607,35921,35449,34900,34928
89,Изобильный,Ставропольский край,38100,38263,38409,38551,39022,39387,40029,40527,40555
90,Большой Камень,Приморский край,38042,38493,38718,38637,39126,39447,39469,,39257
91,Учалы,Башкортостан,37933,37715,37516,37480,37681,37762,37829,37800,37788
92,Южноуральск,Челябинская область,37728,37801,37716,37666,37565,37676,37798,37902,37877
93,Мценск,Орловская область,37725,38350,38725,39181,39783,40704,41884,43200,43222
94,Урюпинск,Волгоградская область,37620,38267,38758,39171,39548,40142,40825,41600,41590
95,Ахтубинск,Астраханская область,37560,37883,38160,38507,38906,39386,40633,41900,41853
96,Алапаевск,Свердловская область,37526,37653,37739,37857,37894,37952,38065,38200,38192
97,Тосно,Ленинградская область,37509,37875,38289,39077,39320,39209,38857,39100,39101
98,Горячий Ключ,Краснодарский край,37475,36807,35805,34585,33459,32404,31290,30100,30126
99,Малгобек,Ингушетия,37442,36870,36114,35462,34385,33426,32515,31241,31018
100,Югорск,Ханты-Мансийский АО,37411,37150,36734,36327,35833,35294,34969,34161,34067
101,Аргун,Чечня,37373,36486,35738,34078,33207,32058,30647,29500,29525
102,Ирбит,Свердловская область,37280,37443,37444,37681,37859,37857,38025,38400,38357
103,Кизилюрт,Дагестан,37171,36570,35762,34939,34162,33723,33377,,32988
104,Реж,Свердловская область,37152,37420,37553,37706,37643,37662,37949,38200,38215
105,Шарыпово,Красноярский край,37136,37169,37258,37230,37411,37842,37988,38600,38561
106,Партизанск,Приморский край,37059,37291,37470,37689,37778,38218,38356,38700,38659
107,Беслан,Северная Осетия,37029,37025,37034,37063,36991,37037,36864,36729,36728
108,Кыштым,Челябинская область,36997,37480,37809,38008,38463,38604,38732,38906,38942
109,Фролово,Волгоградская область,36951,37377,37757,38129,38585,38836,39129,39400,39449
110,Сокол,Вологодская область,36924,37191,37391,37562,37723,37898,38062,38500,37233
111,Коряжма,Архангельская область,36742,37092,37256,37587,38006,38570,39117,39572,39641
112,Протвино,Московская область,36400,36823,36910,37261,37381,37492,37504,,37308
113,Светлоград,Ставропольский край,36358,36935,37515,37819,38099,38323,38559,38496,38520
114,Каменка,Пензенская область,35929,36566,37002,37530,37847,38429,39110,39484,39577
115,Черняховск,Калининградская область,35888,36423,37037,37521,37948,38571,39597,40400,40449
116,Вязники,Владимирская область,35865,36635,37197,37866,38661,39401,40277,41040,41248
117,Кинель,Самарская область,35675,35321,34940,34690,34251,33988,34231,34500,34491
118,Лесозаводск,Приморский край,35506,35816,36027,36317,36619,36892,36843,37000,37034
119,Зеленокумск,Ставропольский край,35501,35646,35568,35639,35625,35772,35802,35817,35839
120,Миллерово,Ростовская область,35384,35540,35600,35873,36141,36388,36409,36500,36499
121,Новокубанск,Краснодарский край,35287,35437,35440,35251,35042,34968,34854,34900,34880
122,Луга,Ленинградская область,35262,35785,36148,36496,36774,37332,37777,38600,38593
123,Мирный,Архангельская область,35223,35376,32245,32066,31370,30631,30666,30135,30280
124,Ефремов,Тульская область,35168,35505,36181,36773,37608,38964,40714,42200,42350
125,Благовещенск,Башкортостан,35008,34955,35037,35013,34883,34844,34605,34200,34239
126,Азнакаево,Татарстан,34896,34863,34700,34720,34747,34564,34594,34811,34853
127,Алатырь,Чувашия,34785,35298,35591,36123,36610,37042,37518,38200,38203
128,Гай,Оренбургская область,34752,35255,35648,36092,36523,36996,37572,38300,38301
129,Дальнегорск,Приморский край,34694,35034,35405,35556,35976,36351,36817,37500,37519
130,Коркино,Челябинская область,34672,34967,35186,35516,36219,37333,38033,38499,38597
131,Вичуга,Ивановская область,34394,34868,35281,35792,36100,36537,36897,37600,37583
132,Истра,Московская область,34309,34790,34764,34995,35139,34789,34966,35100,35111
133,Богородск,Нижегородская область,34240,34388,34597,34676,35018,35063,35286,35439,35499
134,Гулькевичи,Краснодарский край,34236,34360,34289,34347,34479,34645,34933,35200,35244
135,Валуйки,Белгородская область,34118,34679,34104,34296,34437,34627,34924,35300,35322
136,Нижнеудинск,Иркутская область,33918,33954,34049,34235,34813,35500,36326,36881,36999
137,Фурманов,Ивановская область,33905,34309,34697,35061,35367,35461,35699,36100,36144
138,Сухой Лог,Свердловская область,33689,34018,33944,34213,34425,34498,34484,34600,34554
139,Тавда,Свердловская область,33356,33666,33957,34074,34270,34615,34857,35400,35421
140,Балтийск,Калининградская область,33317,33181,33212,33095,32922,32778,32899,32700,32697
141,Корсаков,Сахалинская область,33203,33213,33056,32962,32860,33148,33322,33451,33526
142,Тында,Амурская область,33061,33189,33450,33819,34169,34785,35410,36300,36275
143,Тайшет,Иркутская область,33043,33364,33587,33638,33836,34339,34692,35384,35485
144,Чернушка,Пермский край,32909,33010,32982,32687,32669,32807,33169,33300,33272
145,Шатура,Московская область,32838,33222,33412,33308,33190,33109,33029,32900,32885
146,Слободской,Кировская область,32793,33115,33334,33449,33490,33583,33845,33970,33981
147,Трёхгорный,Челябинская область,32715,32355,32521,32540,32789,33002,33262,33700,33670
148,Нурлат,Татарстан,32703,32954,33141,33102,33267,33153,32853,32623,32601
149,Добрянка,Пермский край,32676,33083,33194,33291,33395,33466,33620,33700,33686
150,Острогожск,Воронежская область,32601,32714,32826,32944,32833,33029,33404,33800,33842
151,Вятские Поляны,Кировская область,32562,32817,33053,33338,33584,33964,34505,35102,35162
152,Кулебаки,Нижегородская область,32518,32943,33280,33684,34068,34494,34988,35622,35759
153,Тейково,Ивановская область,32511,32791,33061,33276,33782,34344,34588,35000,34976
154,Сланцы,Ленинградская область,32508,32838,33037,33300,33154,33249,33245,33500,33485
155,Муравленко,Ямало-Ненецкий АО,32427,32540,32649,32786,33016,33247,33518,33394,33391
156,Сердобск,Пензенская область,32087,32554,32986,33553,33992,34504,34900,35268,35393
157,Углич,Ярославская область,32057,32146,32321,32496,32766,33273,33900,34354,34507
158,Приморско-Ахтарск,Краснодарский край,32048,31925,31987,31887,31740,31921,32245,32300,32257
159,Мирный,Якутия,31704,32175,34836,34354,34652,34912,35478,37200,37188
160,Нововоронеж,Воронежская область,31503,31607,31502,31560,31721,31838,32136,32600,32635
161,Маркс,Саратовская область,31488,31788,31864,31870,31874,31724,31592,31504,31531
162,Великий Устюг,Вологодская область,31475,31606,31644,31806,31983,31984,31906,31700,30926
163,Кудымкар,Пермский край,31370,31265,31007,30739,30525,30162,29561,29000,28967
164,Кандалакша,Мурманская область,31329,32034,32592,32945,33542,34127,34713,35536,35654
165,Богородицк,Тульская область,31139,31263,31379,31363,31404,31554,31665,31900,31897
166,Благодарный,Ставропольский край,31100,31293,31558,31720,31959,32148,32435,32728,32725
167,Зима,Иркутская область,30988,31229,31283,31440,31523,31936,32279,32485,32508
168,Дюртюли,Башкортостан,30969,30858,30986,30943,31152,31152,31217,31300,31274
169,Ростов,Ярославская область,30969,31039,30943,30824,30923,31047,31368,31752,31792
170,Артёмовский,Свердловская область,30778,30933,30944,31167,31557,32011,32531,33100,33160
171,Нарткала,Кабардино-Балкария,30704,30643,30497,30476,30500,31037,31325,31700,31694
172,Киров,Калужская область,30520,30839,30894,31039,31230,31404,31603,31824,31882
173,Кохма,Ивановская область,30500,30316,29770,29258,29389,29405,29414,29400,29411
174,Усть-Джегута,Карачаево-Черкесия,30391,30438,30245,29779,29665,29953,30286,30600,30566
175,Кондопога,Карелия,30299,30802,31203,31501,31646,31962,32415,33000,32987
176,Касимов,Рязанская область,30243,30696,30990,31494,31897,32426,32860,33500,33491
177,Луховицы,Московская область,30228,30271,30055,29893,29737,29762,29814,29900,29850
178,Можайск,Московская область,30190,30439,30413,30513,30595,30736,31104,31400,31363
179,Городец,Нижегородская область,30188,30493,30530,30563,30524,30570,30447,30623,30658
180,Котовск,Тамбовская область,29999,30353,30718,31136,31220,31406,31611,31900,31850
181,Славгород,Алтайский край,29916,30186,30370,30591,31006,31707,32337,32415,32389
182,Алушта,Крым,29869,29668,29586,29201,29078,28418,28642,28919,29191
183,Дедовск,Московская область,29738,29558,29436,29480,29534,29426,29345,29100,29108
184,Аша,Челябинская область,29692,29946,30146,30383,30714,31152,31542,31838,31881
185,Советский,Ханты-Мансийский АО,29575,29456,29179,28683,28087,27631,27116,26500,26495
186,Обь,Новосибирская область,29437,29194,28913,28387,27430,26792,26070,25400,25382
187,Дагестанские Огни,Дагестан,29401,29238,28887,28669,28132,28100,28125,27900,27923
188,Костомукша,Карелия,29381,29526,29511,29356,29036,28716,28496,28400,28436
189,Ликино-Дулёво,Московская область,29376,29691,30069,30345,30683,30927,31125,31300,31321
190,Дивногорск,Красноярский край,29246,29117,29049,29115,28857,28713,28473,28300,28272
191,Богданович,Свердловская область,29241,29311,29311,29421,29659,29903,30121,30700,30670
192,Шумерля,Чувашия,29071,29553,29954,30347,30536,30798,31101,31700,31722
193,Гагарин,Смоленская область,29041,29285,29476,29916,30230,30673,31256,31700,31721
194,Алейск,Алтайский край,28972,28735,28528,28372,28493,28825,29061,29489,25645
195,Барабинск,Новосибирская область,28941,29122,29307,29530,29714,29895,30142,30400,30394
196,Петровск,Саратовская область,28893,29376,29820,30037,30147,30441,30744,31176,31160
197,Борзя,Забайкальский край,28888,28874,29050,29405,29822,30308,30816,31400,31379
198,Еманжелинск,Челябинская область,28742,29077,29487,29728,29931,30252,30256,30220,30216
199,Карталы,Челябинская область,28607,28577,28697,28703,28757,28763,28875,29095,29131
200,Старая Русса,Новгородская область,28483,29019,29489,29728,29979,30371,30901,31800,31809
201,Гусев,Калининградская область,28300,28257,28204,28511,28508,28534,28542,28300,28260
202,Похвистнево,Самарская область,28177,28223,28150,28140,28127,28080,28019,28200,28169
203,Удомля,Тверская область,28119,28669,28864,28972,29405,29911,30407,31100,31061
204,Тара,Омская область,28099,28116,28012,27922,27839,27740,27641,27273,27318
205,Кушва,Свердловская область,28060,28409,28819,29131,29323,29541,29803,30200,30167
206,Холмск,Сахалинская область,27954,28217,28521,28751,28979,29563,30143,30817,30937
207,Губкинский,Ямало-Ненецкий АО,27930,27238,27346,27070,26214,26254,25848,23681,23335
208,Апрелевка,Московская область,27860,26610,25205,24004,22917,21289,20014,18300,18349
209,Топки,Кемеровская область,27860,27963,28144,28129,28044,28217,28421,28571,28641
210,Десногорск,Смоленская область,27771,28103,28293,28517,28728,29102,29383,29700,31100
211,Заречный,Свердловская область,27595,27617,27608,27619,27351,27115,26900,26800,26820
212,Сорочинск,Оренбургская область,27547,27912,28136,28367,28549,28728,28988,29200,29249
213,Верхний Уфалей,Челябинская область,27498,27879,28267,28580,29096,29518,29976,30434,30481
214,Малоярославец,Калужская область,27448,27791,28058,28401,28955,29503,29953,30297,30392
215,Соль-Илецк,Оренбургская область,27085,27189,27306,27279,27338,27748,27978,28400,28377
216,Майский,Кабардино-Балкария,27074,27055,26831,26683,26493,26558,26757,26800,26755
217,Новоалександровск,Ставропольский край,26997,27009,27067,26894,26876,26892,26817,26739,26757
218,Знаменск,Астраханская область,26927,26934,27202,27208,27021,27526,28576,29400,29401
219,Карасук,Новосибирская область,26902,27196,27332,27650,28074,28415,28451,28600,28586
220,Бахчисарай,Крым,26874,27188,27351,27450,27448,26482,26363,26215,26144
221,Дятьково,Брянская область,26775,27028,27155,27535,27773,28141,28739,29400,29439
222,Семилуки,Воронежская область,26732,26797,26721,26617,26505,26391,26027,26000,26023
223,Киржач,Владимирская область,26676,27157,27439,27788,28160,28699,29192,29917,29965
224,Сегежа,Карелия,26666,27108,27494,27813,28117,28555,29066,29600,29631
225,Кировск,Мурманская область,26581,26687,26971,27250,27686,28074,28257,28590,28625
226,Карпинск,Свердловская область,26571,26957,27281,27638,28075,28236,28553,29100,29113
227,Красноармейск,Московская область,26519,26608,23468,23609,23736,23858,24034,24330,24364
228,Камышлов,Свердловская область,26444,26538,26569,26573,26732,26782,26983,26900,26870
229,Октябрьск,Самарская область,26438,26478,26550,26681,26909,27086,27152,27230,27244
230,Сосногорск,Республика Коми,26388,26571,26670,26923,27134,27326,27473,27800,27757
231,Кировск,Ленинградская область,26387,25978,25691,25705,25409,25706,25491,25700,25650
232,Североуральск,Свердловская область,26288,26543,26827,27148,27560,28062,28651,29300,29263
233,Новопавловск,Ставропольский край,26238,26234,26295,26221,26293,26312,26480,26559,26562
234,Полысаево,Кемеровская область,26212,26510,26738,26893,27253,27453,27553,27639,27624
235,Лабытнанги,Ямало-Ненецкий АО,26122,26281,26331,26549,26359,26279,26572,26898,26936
236,Скопин,Рязанская область,26112,26329,26805,27444,28092,28862,29582,30400,30376
237,Заводоуковск,Тюменская область,26048,26006,25728,25408,25278,25316,25340,25600,25647
238,Кимовск,Тульская область,25951,26093,26236,26591,27107,27511,27972,28500,28485
239,Дальнереченск,Приморский край,25786,26121,26378,26461,26618,27214,27100,27600,27604
240,Киреевск,Тульская область,25741,24642,24859,24911,25073,25174,25393,25600,25557
241,Балабаново,Калужская область,25608,25752,25426,25505,25656,25869,26123,26300,26337
242,Янаул,Башкортостан,25511,25747,25894,26074,26297,26597,26669,26900,26924
243,Красноперекопск,Крым,25450,25769,26139,26349,26268,29815,29944,30086,30201
244,Инта,Республика Коми,25444,26271,26983,27723,28491,29404,30524,32100,32080
245,Лосино-Петровский,Московская область,25424,25370,25266,24726,24290,23694,23182,22600,22550
246,Отрадное,Ленинградская область,25421,25344,25203,25481,25225,24994,24504,23900,23866
247,Озёры,Московская область,25359,25524,25651,25891,25721,25642,25728,25800,25800
248,Медногорск,Оренбургская область,25272,25610,25932,26174,26500,26647,27025,27300,27292
249,Морозовск,Ростовская область,25198,25467,25830,26290,26664,27007,27372,27600,27642
250,Сасово,Рязанская область,25177,25747,26303,26871,27343,27564,27863,28100,28118
251,Аткарск,Саратовская область,25140,25384,25515,25481,25388,25438,25444,25595,25624
252,Железноводск,Ставропольский край,24912,25105,25126,24950,24438,24466,24361,24438,24433
253,Павловск,Воронежская область,24858,25047,25188,25081,25148,25123,25170,25100,25126
254,Саки,Крым,24797,24885,25186,25195,25146,23655,24038,24323,24580
255,Нарьян-Мар,Ненецкий АО,24775,24654,24535,23939,23390,22912,22375,21338,21658
256,Нефтекумск,Ставропольский край,24763,24841,24958,25152,25566,26247,26987,27703,27687
257,Зерноград,Ростовская область,24561,24886,24657,25177,25833,26050,26450,26900,26842
258,Семёнов,Нижегородская область,24400,24536,24583,24451,24503,24442,24433,24500,24473
259,Строитель,Белгородская область,24392,24526,24322,24185,24192,24260,24211,,23933
260,Асино,Томская область,24351,24539,24586,24615,24640,24837,25051,25600,25618
261,Родники,Ивановская область,24335,24662,24970,25142,25380,25680,25946,26300,26310
262,Бутурлиновка,Воронежская область,24319,24670,24935,25230,25684,26108,26543,27200,27208
263,Советская Гавань,Хабаровский край,24249,24671,25147,25763,26174,26642,27145,27671,27712
264,Ипатово,Ставропольский край,24021,24390,24782,24966,25155,25468,25794,26046,26053
265,Уварово,Тамбовская область,23987,24162,24547,24792,25064,25765,26071,26800,26830
266,Шарья,Костромская область,23976,23912,23914,23866,23785,23709,23727,23700,23681
267,Калач-на-Дону,Волгоградская область,23947,24237,24742,25133,25629,26211,26666,26900,26910
268,Буинск,Татарстан,23809,24011,20886,20854,20718,20657,20482,20433,20352
269,Кувандык,Оренбургская область,23763,24131,24408,24715,24990,25273,25607,26200,26169
270,Татарск,Новосибирская область,23729,23956,24073,24208,24165,24008,23992,24200,24217
271,Котельнич,Кировская область,23682,23966,24169,24266,24451,24685,24908,24989,24979
272,Давлеканово,Башкортостан,23662,23774,23820,23973,23953,24069,24049,24100,24073
273,Тайга,Кемеровская область,23565,24183,24532,24698,25122,25481,25489,25357,25331
274,Унеча,Брянская область,23550,23971,24230,24639,24946,25412,25745,26200,26197
275,Ленск,Якутия,23479,23660,23693,23725,23948,24322,24700,25000,24966
276,Железногорск-Илимский,Иркутская область,23412,23643,23979,24235,24505,24955,25446,25953,26079
277,Северобайкальск,Бурятия,23365,23673,23944,24101,24209,24449,24615,24880,24929
278,Среднеуральск,Свердловская область,23353,22896,22574,21982,21368,21102,20739,20400,20449
279,Зея,Амурская область,23270,23505,23734,23966,24082,24367,24665,24978,24986
280,Колпашево,Томская область,23209,23272,23127,23085,23073,23188,23499,24100,24124
281,Невьянск,Свердловская область,23200,23348,23545,23767,23831,24034,24323,24600,24567
282,Таштагол,Кемеровская область,23170,23107,23079,23085,22953,23091,23089,23109,23134
283,Зарайск,Московская область,23120,23368,23653,23951,24142,24413,24512,24600,24645
284,Гусиноозёрск,Бурятия,23082,23280,23359,23307,23436,23781,24099,24490,23588
285,Фокино,Брянская область,23077,23157,23219,23167,23145,23306,23443,,23696
286,Красноуральск,Свердловская область,22996,23142,23258,23508,23870,24274,24544,25000,24980
287,Красноармейск,Саратовская область,22994,23296,26660,26594,26641,26666,26590,26300,26294
288,Электрогорск,Московская область,22950,23076,23085,23028,22889,22840,22755,22500,22480
289,Исилькуль,Омская область,22903,23151,23546,23865,24086,24196,24375,24488,24482
290,Гурьевск,Кемеровская область,22872,16311,15007,14195,13628,13078,12711,12400,12431
291,Калачинск,Омская область,22737,22781,22716,22656,22542,22915,23283,23513,23556
292,Лермонтов,Ставропольский край,22612,22477,22635,22741,22771,22680,22610,22559,22541
293,Бронницы,Московская область,22567,22396,22467,21925,21814,21643,21485,21100,21102
294,Звенигород,Московская область,22513,21948,20802,19384,18183,17270,16850,16400,16395
295,Вельск,Архангельская область,22482,22776,22856,23025,23126,23401,23575,23820,23885
296,Хадыженск,Краснодарский край,22468,22706,22733,22430,22246,21958,21735,21600,21579
297,Менделеевск,Татарстан,22336,22203,22183,22200,22131,22180,22103,22060,22075
298,Усть-Катав,Челябинская область,22312,22536,22627,22830,23064,23169,23326,23532,23580
299,Никольское,Ленинградская область,22286,21888,21343,21160,20485,20115,19574,19300,19280
300,Бавлы,Татарстан,22272,22258,22235,22114,22178,22154,22175,22108,22109
301,Старая Купавна,Московская область,22099,21973,21856,21937,22027,21954,21912,,21811
302,Коммунар,Ленинградская область,22055,21965,21743,21575,21260,21099,20711,20215,20211
303,Семикаракорск,Ростовская область,22030,22118,22307,22496,22710,23110,23445,23900,23884
304,Омутнинск,Кировская область,22009,22317,22442,22530,22722,22892,23195,23600,23615
305,Котово,Волгоградская область,21990,22450,22707,22909,23268,23614,23819,24100,24115
306,Вилючинск,Камчатский край,21973,21942,21763,21748,21602,21965,22486,22900,25401
307,Верещагино,Пермский край,21969,22194,22261,22328,22448,22447,22085,22200,22156
308,Светлый,Калининградская область,21928,22140,22015,21849,21790,21626,21545,21400,21375
309,Армянск,Крым,21754,21956,21981,22011,21987,22337,22468,22592,22711
310,Ряжск,Рязанская область,21457,21623,21701,21666,21673,21784,21800,21700,21674
311,Тарко-Сале,Ямало-Ненецкий АО,21442,21665,21448,21304,21151,20906,20697,20459,20398
312,Хотьково,Московская область,21349,21444,21538,21687,21697,21768,21536,21500,21505
313,Черноголовка,Московская область,21342,21621,21786,21925,21787,21646,21424,,20983
314,Лысково,Нижегородская область,21321,21293,21308,21408,21414,21539,21676,21836,21880
315,Нерехта,Костромская область,21262,21403,21612,21719,21847,22138,22467,22800,22828
316,Бежецк,Тверская область,21179,21728,22196,22697,23112,23560,24042,24500,24522
317,Бологое,Тверская область,21158,21425,21564,21845,22177,22671,23027,23500,23494
318,Вихоревка,Иркутская область,21118,21279,21459,21597,21767,21963,22205,22459,22520
319,Сысерть,Свердловская область,21097,20962,20939,20964,20764,20558,20477,20500,20465
320,Карачаевск,Карачаево-Черкесия,21067,21040,20976,20641,20357,20316,20852,21500,21483
321,Тогучин,Новосибирская область,21064,21159,21357,21530,21663,21821,21856,21900,21500
322,Оса,Пермский край,21061,21072,21143,21201,20990,21000,21083,21200,21188
323,Дудинка,Красноярский край,21015,21513,21978,22204,22410,22339,22356,22200,22175
324,Пущино,Московская область,20962,21148,21281,21226,21186,21112,20904,,20332
325,Нижний Ломов,Пензенская область,20943,21189,21329,21626,21848,22185,22404,22644,22678
326,Буй,Костромская область,20848,20905,24097,24315,24531,24796,25179,25800,25763
327,Оленегорск,Мурманская область,20847,21039,21097,21003,21301,21736,22405,22986,23072
328,Куровское,Московская область,20844,21089,21223,21246,21436,21608,21664,21800,21819
329,Калтан,Кемеровская область,20841,20947,21186,21349,21784,21864,21933,21934,21892
330,Электроугли,Московская область,20823,20687,20612,20652,20674,20528,20427,20100,20136
331,Оха,Сахалинская область,20715,20916,21081,21203,21495,21830,22349,22893,23008
332,Алдан,Якутия,20595,20700,20892,21092,21364,21538,21673,21300,21275
333,Никольск,Вологодская область,20572,21056,21318,21748,22103,22323,22374,22500,22471
334,Тырныауз,Кабардино-Балкария,20566,20574,20551,20544,20492,20706,20781,21000,21000
335,Арск,Татарстан,20540,20419,20046,19681,19324,18886,18527,18168,18114
336,Бобров,Воронежская область,20460,20605,20466,19956,19210,19270,19516,19700,19738
337,Остров,Псковская область,20427,20568,20711,20773,20629,20423,20957,21604,21668
338,Рошаль,Московская область,20418,20590,20793,21167,21186,21132,21035,21300,21272
339,Сергач,Нижегородская область,20269,20416,20370,20524,20715,20931,21077,21315,21386
340,Козьмодемьянск,Марий Эл,20216,20327,20505,20682,20810,21038,21190,21300,21257
341,Пикалёво,Ленинградская область,20183,20379,20498,20732,20864,21106,21411,21546,21562
342,Котельниково,Волгоградская область,20172,20381,20384,20489,20458,20420,20595,20400,20428
343,Кубинка,Московская область,20157,20363,20676,21017,21558,22096,22556,,22964
344,Шахунья,Нижегородская область,20049,20183,20217,20370,20499,20683,20835,20918,20921
345,Алагир,Северная Осетия,20043,20133,20211,20270,20399,20575,20709,20966,20949
346,Кяхта,Бурятия,20031,20013,19980,20036,20076,19998,20046,19991,20024
347,Боготол,Красноярский край,20020,20245,20477,20545,20717,20855,20841,21000,21051
348,Усмань,Липецкая область,19956,19958,19805,19739,19432,19148,18832,18668,18685
349,Нижняя Тура,Свердловская область,19883,20217,20456,20782,21136,21503,21596,22000,22006
350,Губаха,Пермский край,19831,20289,20645,21160,21658,26807,27387,28100,28111
351,Белоярский,Ханты-Мансийский АО,19825,20142,20282,20271,20211,20218,20193,,20283
352,Волоколамск,Московская область,19824,20838,20976,21212,21692,22439,22857,23400,23433
353,Няндома,Архангельская область,19783,20143,20395,20741,21072,21332,21756,22281,22356
354,Агрыз,Татарстан,19774,19704,19739,19738,19778,19671,19553,19314,19300
355,Рыбное,Рязанская область,19700,19265,19134,18969,18791,18708,18606,18400,18380
356,Черепаново,Новосибирская область,19610,19612,19570,19522,19521,19536,19614,19800,19300
357,Ершов,Саратовская область,19590,19993,20290,20557,20763,20927,21200,21408,21448
358,Терек,Кабардино-Балкария,19489,19449,19426,19442,19446,19329,19273,19200,19170
359,Ковылкино,Мордовия,19488,20072,20387,20560,20820,20958,21137,21300,21307
360,Лодейное Поле,Ленинградская область,19458,19671,19976,20135,20283,20464,20688,20700,20674
361,Ардон,Северная Осетия,19412,19371,19513,19453,19201,19095,18912,18786,18774
362,Лебедянь,Липецкая область,19288,19503,19866,20117,20241,20478,20724,20949,21012
363,Кировград,Свердловская область,19277,19712,20036,20305,20271,20481,20681,21000,21035
364,Бакал,Челябинская область,19264,19590,19942,20153,20256,20485,20708,20910,20940
365,Зверево,Ростовская область,19045,19456,19920,20437,20974,21495,21899,22400,22411
366,Пролетарск,Ростовская область,19032,19290,19504,19623,19793,20016,20206,20300,20267
367,Абдулино,Оренбургская область,19032,19222,19320,19353,19468,19687,19937,20200,20173
368,Онега,Архангельская область,19030,19381,19706,20051,20284,20620,21017,21321,21359
369,Данков,Липецкая область,19017,19120,19343,19600,19920,20218,20652,20982,21064
370,Нелидово,Тверская область,18883,19400,19952,20508,21020,21581,22153,22900,22896
371,Калач,Воронежская область,18834,19035,19182,19248,19516,19603,19847,20000,20046
372,Сортавала,Карелия,18801,18762,18746,18830,18857,19034,19174,19200,19235
373,Льгов,Курская область,18774,19176,19533,19905,20246,20579,20951,21500,21453
374,Новый Оскол,Белгородская область,18763,18856,18932,18930,18911,19024,19159,19500,19530
375,Суровикино,Волгоградская область,18685,18954,19181,19387,19641,19980,20235,20500,20533
376,Шимановск,Амурская область,18643,18706,18810,18941,19116,19384,19595,19800,19815
377,Николаевск-на-Амуре,Хабаровский край,18636,19135,19634,20274,20774,21398,21943,22614,22752
378,Стародуб,Брянская область,18615,18824,18868,18868,18895,18942,18980,19005,19010
379,Нытва,Пермский край,18608,18804,18863,18878,18846,18881,18960,19000,19041
380,Приозерск,Ленинградская область,18552,18616,18755,18844,18890,18947,18793,18900,18933
381,Радужный,Ханты-Мансийский АО,18471,18535,18432,18369,18368,18466,18399,18200,18211
382,Юрьев-Польский,Владимирская область,18433,18610,18737,19031,19137,19319,19556,19582,19595
383,Слюдянка,Иркутская область,18287,18241,18302,18425,18567,18626,18682,18538,18574
384,Чегем,Кабардино-Балкария,18156,18043,17957,17875,17820,17819,17887,18000,18019
385,Яровое,Алтайский край,18092,18159,18085,18175,18162,18118,18291,18595,18604
386,Нефтегорск,Самарская область,17990,18119,18242,18358,18488,18639,18899,,19254
387,Харабали,Астраханская область,17968,18031,18097,18041,18146,18275,18178,18100,18117
388,Покачи,Ханты-Мансийский АО,17874,17905,17899,17731,17471,17273,17186,17159,17171
389,Енисейск,Красноярский край,17826,17999,18156,18359,18561,18529,18640,18800,18766
390,Собинка,Владимирская область,17799,18059,18232,18510,18702,18961,19179,19420,19482
391,Кукмор,Татарстан,17753,17700,17694,17479,17428,17254,17067,16916,16918
392,Карачев,Брянская область,17716,17981,18175,18392,18668,19094,19432,19700,19715
393,Голицыно,Московская область,17651,17660,17535,17301,17361,17486,17444,17600,17593
394,Полярный,Мурманская область,17650,17568,17296,17070,17053,17128,17383,17301,17293
395,Инза,Ульяновская область,17630,17714,17833,17965,18127,18395,18564,20919,18803
396,Пласт,Челябинская область,17508,17648,17483,17531,17260,17209,17248,17304,17342
397,Суворов,Тульская область,17450,17506,17615,17829,18015,18299,18610,19000,18973
398,Баймак,Башкортостан,17432,17529,17475,17460,17492,17534,17608,17700,17710
399,Нижняя Салда,Свердловская область,17373,17380,17387,17376,17297,17362,17452,17600,17619
400,Райчихинск,Амурская область,17372,17590,17783,17874,18107,19962,20199,20500,20534
401,Шумиха,Курганская область,17336,17542,17586,17582,17593,17608,17678,17830,17819
402,Краснослободск,Волгоградская область,17327,17405,17356,16996,16689,16398,16091,16000,15998
403,Гурьевск,Калининградская область,17295,23089,23359,23676,24137,24436,24450,24765,24817
404,Подпорожье,Ленинградская область,17270,17678,17895,18043,18177,18285,18466,18700,18733
405,Туринск,Свердловская область,17233,17316,17345,17305,17277,17355,17630,17900,17925
406,Константиновск,Ростовская область,17160,17317,17391,17437,17543,17771,17808,17900,17926
407,Куса,Челябинская область,17136,17368,17521,17758,17941,18278,18559,18779,18792
408,Гаврилов-Ям,Ярославская область,17057,17351,17434,17514,17468,17579,17661,17755,17791
409,Мензелинск,Татарстан,17055,17153,17043,16952,16968,16903,16594,16501,16476
410,Покров,Владимирская область,17025,17308,17519,17708,17695,17638,17727,17749,17756
411,Поворино,Воронежская область,17025,17095,17173,17286,17419,17376,17479,17700,17692
412,Галич,Костромская область,16911,16922,16927,16869,16934,16825,16974,17300,17346
413,Жуковка,Брянская область,16878,16953,17037,17147,17376,17629,17942,18300,18269
414,Судак,Крым,16784,16756,16597,16615,16492,15457,15368,15300,15171
415,Новомичуринск,Рязанская область,16710,16852,16997,17257,17586,18075,18655,19300,19309
416,Почеп,Брянская область,16687,16663,16748,16681,16975,17168,17621,17148,17161
417,Ковдор,Мурманская область,16623,16892,17110,17389,17630,17991,18388,18749,18820
418,Куртамыш,Курганская область,16579,16702,16901,16906,16925,16951,17112,17105,17099
419,Сельцо,Брянская область,16554,16664,16759,16957,17140,17416,17718,17882,17934
420,Волгореченск,Костромская область,16539,16653,16701,16804,16768,16868,17032,,17104
421,Козельск,Калужская область,16443,16370,16045,16273,16694,17312,17871,18200,18245
422,Кирсанов,Тамбовская область,16409,16682,16877,17042,17276,17358,17190,17200,17224
423,Белогорск,Крым,16391,16442,16428,16359,16354,18220,18199,18208,18224
424,Новоаннинский,Волгоградская область,16294,16436,16655,16777,17009,17277,17546,17900,17912
425,Петровск-Забайкальский,Забайкальский край,16213,16524,16803,17144,17486,17840,18090,18500,18549
426,Рыльск,Курская область,16147,16319,16242,16221,16163,16110,15865,15700,15671
427,Бородино,Красноярский край,16127,16249,16218,16339,16522,16764,16956,17400,17416
428,Кодинск,Красноярский край,16116,16312,16227,16075,16039,15876,15651,14800,14830
429,Касли,Челябинская область,16013,16263,16488,16637,16708,16776,16879,16955,16969
430,Дегтярск,Свердловская область,16001,16141,16076,15981,15920,15833,15669,15500,15522
431,Яранск,Кировская область,15985,16106,16283,16460,16624,16721,16930,17300,17253
432,Камызяк,Астраханская область,15984,16077,16073,16219,16154,16223,16289,16300,16314
433,Осташков,Тверская область,15981,16318,16597,16837,17109,17321,17724,18100,18088
434,Барыш,Ульяновская область,15974,16147,16275,16431,16608,16848,16931,17100,17149
435,Бикин,Хабаровский край,15954,15928,16097,16271,16508,16635,16929,17072,17154
436,Талица,Свердловская область,15941,15874,16034,16105,16081,16135,16100,16200,16225
437,Плавск,Тульская область,15920,15870,15899,15992,16028,16278,16171,16200,16165
438,Ивдель,Свердловская область,15888,16090,16235,16378,16579,16947,17303,17800,17775
439,Катав-Ивановск,Челябинская область,15872,16088,16333,16554,16732,17032,17337,17595,17630
440,Калининск,Саратовская область,15821,15841,15869,15960,16061,16172,16307,16410,16441
441,Мамадыш,Татарстан,15806,15699,15573,15528,15313,15159,14694,14510,14435
442,Ясногорск,Тульская область,15706,15741,15687,15872,16120,16373,16596,16800,16795
443,Жирновск,Волгоградская область,15680,15872,16060,16247,16414,16569,16681,16900,16872
444,Болотное,Новосибирская область,15668,15629,15739,15931,16105,16202,16348,16600,16570
445,Новоузенск,Саратовская область,15665,15929,16035,16331,16417,16581,16770,16967,17011
446,Зеленоградск,Калининградская область,15644,15493,14830,14308,13592,13155,13043,13000,13026
447,Межгорье,Башкортостан,15638,15861,16019,16275,16450,16866,16741,17400,17352
448,Анадырь,Чукотский автономный округ,15604,15468,14899,14326,14029,13747,13529,13529,13045
449,Ужур,Красноярский край,15586,15568,15566,15538,15483,15540,15839,16100,16093
450,Ясный,Оренбургская область,15573,15675,15743,15674,15598,16027,16767,,17363
451,Светогорск,Ленинградская область,15546,15721,15787,15827,15896,15955,15893,16000,15981
452,Советск,Кировская область,15538,15646,15719,15729,15868,16195,16352,16600,16598
453,Приволжск,Ивановская область,15530,15824,15915,16137,16358,16485,16570,16700,16747
454,Мантурово,Костромская область,15452,15619,15804,16077,16400,16699,17127,17500,17479
455,Бокситогорск,Ленинградская область,15380,15406,15451,15494,16028,16137,16344,16600,16585
456,Красновишерск,Пермский край,15359,15587,15644,15733,15917,16127,16111,16100,16099
457,Абаза,Хакасия,15335,15592,15802,16009,16238,16491,16707,17000,17115
458,Арамиль,Свердловская область,15321,15162,15012,14781,14742,14544,14321,14200,14224
459,Поронайск,Сахалинская область,15311,15311,15174,15262,15251,15476,15768,16100,16120
460,Щигры,Курская область,15292,15540,15678,15963,16227,16416,16664,17000,17040
461,Пестово,Новгородская область,15269,15461,15593,15679,15824,15773,15851,15900,15903
462,Белокуриха,Алтайский край,15179,15264,15072,14877,14529,14344,14406,14627,14661
463,Невель,Псковская область,15079,15133,15250,15252,15417,15578,15885,16272,16324
464,Ленинск,Волгоградская область,15064,15149,15353,15426,15403,15473,15519,15500,15504
465,Заполярный,Мурманская область,15037,15194,15211,15288,15424,15589,15717,15831,15825
466,Иланский,Красноярский край,15030,15013,15137,15357,15582,15751,15974,16100,16111
467,Агидель,Башкортостан,14959,15281,15616,15749,15865,15932,16123,16400,16370
468,Нерчинск,Забайкальский край,14919,14912,14820,14746,14775,14945,14912,15000,14959
469,Сухиничи,Калужская область,14901,15111,15144,15424,15602,15851,16031,16300,16273
470,Кизел,Пермский край,14883,15572,16173,16642,17213,17877,18560,19600,19587
471,Кондрово,Калужская область,14857,15017,15146,15405,15789,16192,16592,16700,16672
472,Навашино,Нижегородская область,14830,15051,15281,15406,15521,15688,16022,16339,16416
473,Грязовец,Вологодская область,14800,14916,14949,15041,15081,15313,15476,15500,15201
474,Карабаново,Владимирская область,14786,14817,14839,14923,14955,14910,14908,14862,14868
475,Данилов,Ярославская область,14746,14868,14981,15081,15187,15450,15625,15813,15861
476,Палласовка,Волгоградская область,14729,14940,15089,15235,15493,15728,15923,16100,16081
477,Шлиссельбург,Ленинградская область,14725,14763,14756,14803,14554,14248,13776,13316,13170
478,Цивильск,Чувашия,14718,14328,14039,13708,13540,13578,13452,13500,13479
479,Цимлянск,Ростовская область,14528,14558,14643,14622,14761,14778,14807,15000,15028
480,Красный Кут,Саратовская область,14483,14718,14773,14619,14460,14451,14431,14382,14416
481,Полярные Зори,Мурманская область,14421,14644,14794,14853,14936,15005,14982,15075,15096
482,Чудово,Новгородская область,14394,14730,14973,15008,15047,15093,15218,15400,15397
483,Медвежьегорск,Карелия,14340,14446,14520,14647,14833,14958,15160,15500,15533
484,Лакинск,Владимирская область,14330,14568,14711,14895,15009,15275,15494,15673,15715
485,Кашин,Тверская область,14287,14475,14734,15029,15178,15419,15781,16200,16171
486,Яхрома,Московская область,14275,14245,14004,13768,13554,13517,13349,13200,13214
487,Валдай,Новгородская область,14240,14379,14589,14614,14758,15152,15539,16100,16098
488,Очёр,Пермский край,14226,14240,14151,14091,14051,14088,14188,14200,14238
489,Жердевка,Тамбовская область,14214,14296,14460,14556,14748,14919,15026,,15209
490,Венёв,Тульская область,14191,14211,14260,14198,14244,14500,14866,15200,15224
491,Лукоянов,Нижегородская область,14104,14136,14243,14218,14264,14549,14762,14926,14951
492,Трубчевск,Брянская область,14001,13696,13802,13921,14073,14472,14648,14949,15014
493,Новоульяновск,Ульяновская область,13990,14164,14555,14795,15104,15355,15688,16008,16033
494,Дубовка,Волгоградская область,13988,14165,14272,14325,14219,14331,14335,14300,14347
495,Меленки,Владимирская область,13789,14013,14190,14302,14490,14711,14905,15140,15206
496,Купино,Новосибирская область,13777,13781,13897,14010,14182,14365,14613,14900,15400
497,Пересвет,Московская область,13675,13756,13872,13950,14013,14108,14126,14100,14147
498,Светлогорск,Калининградская область,13663,13030,12425,12014,11522,11219,10982,10800,10772
499,Николаевск,Волгоградская область,13660,13840,13998,14279,14428,14741,14771,15100,15075
500,Ак-Довурак,Тыва,13580,13578,13663,13700,13570,13548,13558,13482,13468
501,Жуков,Калужская область,13576,13251,12844,12505,12014,11986,11932,12100,12131
502,Первомайск,Нижегородская область,13496,13626,13706,13828,14013,14245,14360,14505,14568
503,Обоянь,Курская область,13339,13413,13410,13422,13465,13641,13573,13600,13565
504,Могоча,Забайкальский край,13285,13442,13526,13640,13697,13626,13422,13300,13258
505,Гвардейск,Калининградская область,13227,13186,13214,13321,13514,13582,13779,13900,13899
506,Руза,Московская область,13182,13403,13393,13419,13554,13733,13740,13500,13495
507,Белёв,Тульская область,13180,13362,13461,13448,13434,13575,13731,13900,13918
508,Лагань,Калмыкия,13125,13137,13170,13258,13493,13714,13973,14300,14323
509,Петушки,Владимирская область,13112,13382,13620,13915,14113,14375,14760,15121,15148
510,Струнино,Владимирская область,13094,13281,13541,13829,14022,14211,14366,14368,14369
511,Краснозаводск,Московская область,13076,13297,13397,13515,13639,13621,13365,13400,13392
512,Гаджиево,Мурманская область,12989,12904,12532,12251,11793,11651,11350,11106,11068
513,Вяземский,Хабаровский край,12974,13187,13323,13575,13881,14166,14230,14543,14555
514,Свирск,Иркутская область,12945,13110,13127,13194,13144,13103,13351,13586,13650
515,Фокино,Приморский край,12938,13065,13143,13238,13333,13401,13575,13824,13876
516,Сим,Челябинская область,12893,13170,13365,13542,13672,13969,14229,14429,14466
517,Сясьстрой,Ленинградская область,12824,13006,13211,13305,13637,13498,13648,13700,13745
518,Гороховец,Владимирская область,12799,12948,13105,13233,13326,13553,13801,13954,14016
519,Талдом,Московская область,12777,12985,13099,13258,13325,13521,13607,13800,13819
520,Калязин,Тверская область,12770,13025,13123,13345,13394,13630,13703,13900,13867
521,Адыгейск,Адыгея,12745,12701,12689,12659,12481,12444,12368,12200,12237
522,Шилка,Забайкальский край,12663,12784,12983,13162,13292,13535,13701,13900,13947
523,Горняк,Алтайский край,12654,12972,13040,13109,13231,13462,13649,13866,13918
524,Снежногорск,Мурманская область,12642,12696,12650,12627,12514,12493,12527,12655,12683
525,Далматово,Курганская область,12631,12772,13015,13240,13480,13580,13817,13901,13911
526,Емва,Республика Коми,12630,12906,13180,13405,13625,13855,14133,14600,14570
527,Байкальск,Иркутская область,12629,12738,12901,12974,13125,13319,13473,13551,13583
528,Южа,Ивановская область,12595,12834,13019,13201,13365,13539,13809,14200,14170
529,Катайск,Курганская область,12565,12585,12781,12891,13169,13332,13603,13930,14003
530,Александровск,Пермский край,12562,12841,13108,13353,13600,13858,14144,14500,14495
531,Петров Вал,Волгоградская область,12544,12177,12371,12518,12661,12844,13094,13200,13239
532,Камешково,Владимирская область,12496,12711,12743,12722,12731,12852,12974,13098,13103
533,Хвалынск,Саратовская область,12391,12556,12788,12814,12985,13005,12947,13044,13094
534,Бодайбо,Иркутская область,12316,13104,13419,13896,14176,14408,14859,15286,15340
535,Урень,Нижегородская область,12309,12385,12257,12137,12066,12088,12129,12276,12304
536,Торопец,Тверская область,12048,12092,12120,12149,12290,12436,12659,13000,13015
537,Волосово,Ленинградская область,11987,12148,12187,12212,12179,12227,12110,,12161
538,Уяр,Красноярский край,11954,12074,12209,12295,12319,12444,12485,12700,12665
539,Аркадак,Саратовская область,11895,11986,12088,12149,12328,12477,12612,12802,12845
540,Новая Ляля,Свердловская область,11879,11947,11988,12087,12149,12367,12540,12700,12734
541,Чаплыгин,Липецкая область,11802,11948,11940,12083,12124,12271,12373,12620,12656
542,Долинск,Сахалинская область,11765,11708,11751,11730,11814,11885,12049,12166,12200
543,Нязепетровск,Челябинская область,11687,11752,11901,12061,12067,12153,12305,12403,12451
544,Удачный,Якутия,11676,11835,11695,11564,,11674,11850,,12613
545,Лихославль,Тверская область,11594,11790,11930,12025,12078,12207,12170,12300,12257
546,Дрезна,Московская область,11480,11638,11750,11831,11767,11766,11826,11800,11820
547,Чкаловск,Нижегородская область,11462,11569,11601,11723,11882,12036,12167,12324,12368
548,Сорск,Хакасия,11416,11514,11504,11485,11496,11706,11908,12100,12143
549,Юрюзань,Челябинская область,11415,11685,11908,12088,12159,12291,12434,12540,12571
550,Бабаево,Вологодская область,11395,11493,11502,11491,11624,11712,11900,12100,12053
551,Горнозаводск,Пермский край,11375,11477,11511,11575,11623,11635,11854,,12057
552,Пионерский,Калининградская область,11312,11352,11395,11475,11633,11676,11383,11000,11016
553,Богучар,Воронежская область,11270,11295,11190,11162,11193,11281,11496,11800,11811
554,Тетюши,Татарстан,11250,11337,11410,11449,11419,11525,11632,11579,11596
555,Кораблино,Рязанская область,11220,11272,11327,11390,11554,11741,12090,12700,12658
556,Чулым,Новосибирская область,11216,11270,11312,11330,11285,11294,11381,11600,12000
557,Звенигово,Марий Эл,11204,11379,11504,11681,11729,11764,11848,11900,11946
558,Кемь,Карелия,11182,11604,11775,11969,12191,12454,12691,13100,13051
559,Закаменск,Бурятия,11164,11249,11234,11369,11455,11493,11540,11497,11510
560,Балей,Забайкальский край,11151,11370,11587,11696,11835,12051,12208,12500,12533
561,Киренск,Иркутская область,11139,11310,11436,11568,11802,12066,12359,12599,12640
562,Называевск,Омская область,11101,11249,11332,11382,11471,11481,11513,11597,11615
563,Болхов,Орловская область,11097,11154,11087,11201,11392,11462,11411,11400,11421
564,Вилюйск,Якутия,11095,10975,10744,10656,10559,10529,10187,10200,10234
565,Нариманов,Астраханская область,11079,11118,11139,11196,11334,11326,11321,,11521
566,Сосновка,Кировская область,11027,11254,11420,11628,11821,11845,11856,12000,11960
567,Карабаш,Челябинская область,10999,11178,11336,11593,11900,12255,12741,13059,13152
568,Шагонар,Тыва,10995,10973,10919,10935,10905,10966,10917,11000,10956
569,Верхний Тагил,Свердловская область,10962,11171,11283,11357,11365,11437,11598,11800,11843
570,Сураж,Брянская область,10884,10979,11089,11242,11186,11728,11583,11622,11640
571,Неман,Калининградская область,10867,10931,11130,11346,11492,11589,11677,11800,11798
572,Боровск,Калужская область,10734,10966,11210,11418,11697,11916,12124,12300,12283
573,Завитинск,Амурская область,10721,10743,10830,10876,10952,11122,11285,11500,11481
574,Сосенский,Калужская область,10628,11047,11008,11210,11509,11775,12035,,12392
575,Южно-Сухокумск,Дагестан,10611,10543,10388,10359,10186,10113,10117,,10035
576,Хилок,Забайкальский край,10607,10724,10853,10969,11124,11311,11428,11500,11539
577,Малая Вишера,Новгородская область,10602,11015,11297,11601,11789,11998,12140,12500,12461
578,Кремёнки,Калужская область,10587,10692,10774,10854,10958,11172,11351,11600,11582
579,Высоковск,Московская область,10586,10671,10690,10676,10659,10535,10561,10600,10635
580,Змеиногорск,Алтайский край,10533,10575,10569,10546,10617,10782,10852,10927,10955
581,Ворсма,Нижегородская область,10491,10589,10630,10793,10989,11226,11409,11565,11620
582,Питкяранта,Карелия,10479,10589,10705,10751,10945,11089,11245,11400,11429
583,Ивангород,Ленинградская область,10453,10539,10502,10736,10688,10443,10128,9900,9854
584,Зуевка,Кировская область,10447,10595,10697,10834,10945,11065,11150,11200,11198
585,Судогда,Владимирская область,10442,10527,10673,10794,11023,11276,11559,11784,11848
586,Невельск,Сахалинская область,10421,10681,10589,10603,10722,10965,11228,11598,11682
587,Белая Холуница,Кировская область,10406,10517,10597,10639,10717,10824,11053,11200,11232
588,Щёлкино,Крым,10328,10453,10593,10603,10620,11184,11194,11231,11242
589,Вытегра,Вологодская область,10324,10232,10192,10274,10308,10346,10427,10500,10491
590,Тюкалинск,Омская область,10311,10326,10491,10546,10695,10906,11203,11240,11275
591,Камбарка,Удмуртия,10276,10477,10577,10670,10658,10730,10862,11000,11021
592,Окуловка,Новгородская область,10275,10470,10735,11052,11330,11587,11933,12500,12464
593,Эртиль,Воронежская область,10265,10410,10575,10740,10835,11018,11168,11400,11387
594,Заозёрный,Красноярский край,10255,10286,10277,10271,10276,10397,10566,10700,10681
595,Луза,Кировская область,10232,10359,10461,10529,10693,10813,10974,11300,11260
596,Петухово,Курганская область,10175,10304,10372,10537,10628,10902,11124,11290,11292
597,Михайлов,Рязанская область,10174,10340,10539,10807,11046,11267,11538,11800,11784
598,Опочка,Псковская область,10144,10307,10483,10488,10599,10910,11362,11547,11603
599,Заволжск,Ивановская область,10121,10384,10664,10952,11239,11561,11757,12000,12045
600,Ермолино,Калужская область,10089,10158,10263,10329,10442,10483,10509,10400,10409
601,Дигора,Северная Осетия,10075,10135,10134,10273,10355,10462,10674,10850,10856
602,Каргополь,Архангельская область,10062,10055,10052,10048,10056,10103,10139,10124,10214
603,Вуктыл,Республика Коми,10017,10205,10430,10729,11198,11599,11917,12400,12356
604,Володарск,Нижегородская область,9972,10021,10084,10102,10074,10023,9977,9930,9928
605,Уржум,Кировская область,9919,9981,9975,10052,10080,10105,10189,10200,10213
606,Заозёрск,Мурманская область,9915,10019,9872,9864,9860,10375,10767,11217,11199
607,Печоры,Псковская область,9871,10034,10142,10205,10337,10589,11000,11164,11195
608,Тотьма,Вологодская область,9805,9895,9950,9915,9862,9860,9872,9800,9776
609,Микунь,Республика Коми,9796,9837,9919,10088,10179,10287,10414,10700,10730
610,Дорогобуж,Смоленская область,9793,9966,10135,10168,10242,10393,10527,10700,11100
611,Нюрба,Якутия,9786,9850,9918,9908,9952,9915,9976,,10157
612,Нолинск,Кировская область,9722,9720,9703,9752,9794,9782,9697,9600,9554
613,Щучье,Курганская область,9711,9775,10018,10310,10577,10743,10793,10956,10973
614,Кола,Мурманская область,9691,9701,9735,9853,10101,10135,10250,10420,10437
615,Беломорск,Карелия,9678,9861,10052,10150,10372,10599,10893,11200,11217
616,Суздаль,Владимирская область,9618,9749,9865,9978,10061,10240,10409,10553,10535
617,Задонск,Липецкая область,9614,9641,9631,9601,9565,9585,9592,9713,9698
618,Белоусово,Калужская область,9575,9288,8914,8726,8538,8415,8354,,8412
619,Александровск-Сахалинский,Сахалинская область,9504,9586,9697,9720,9737,9984,10327,10543,10613
620,Рудня,Смоленская область,9484,9484,9537,9652,9803,9867,9954,10000,9300
621,Кирс,Кировская область,9453,9589,9639,9756,9930,10080,10263,10400,10420
622,Анива,Сахалинская область,9445,9430,9396,9288,9239,9170,9148,9123,9115
623,Краснослободск,Мордовия,9397,9556,9572,9713,9721,9783,9978,10200,10151
624,Наволоки,Ивановская область,9374,9546,9697,9814,9854,9929,10040,10200,10206
625,Старый Крым,Крым,9373,9312,9370,9314,9277,9512,9485,9446,9492
626,Каргат,Новосибирская область,9370,9519,9584,9656,9720,9807,9984,10000,10042
627,Верхнеуральск,Челябинская область,9340,9312,9321,9279,9342,9408,9398,9454,9457
628,Покровск,Якутия,9256,9177,9102,9047,9042,9193,9325,,9495
629,Нижние Серги,Свердловская область,9243,9424,9462,9552,9698,9736,9902,10300,10336
630,Сковородино,Амурская область,9231,9311,9311,9254,9404,9481,9481,9600,9564
631,Олёкминск,Якутия,9213,9202,9192,9178,9206,9338,9383,9500,9494
632,Чадан,Тыва,9139,8991,8863,8912,8851,8816,8891,9000,9035
633,Миньяр,Челябинская область,9128,9342,9459,9652,9766,9940,10037,10141,10194
634,Таруса,Калужская область,9101,9302,9267,9353,9441,9551,9560,9627,9660
635,Харовск,Вологодская область,9099,9185,9292,9422,9506,9617,9843,10100,9998
636,Кувшиново,Тверская область,9068,9161,9284,9428,9574,9787,9895,10000,10007
637,Болохово,Тульская область,9043,9093,9133,9144,9160,9196,9443,9600,9622
638,Верхняя Тура,Свердловская область,9039,9128,9166,9214,9166,9235,9377,9500,9461
639,Ельня,Смоленская область,8993,9168,9324,9463,9573,9783,10025,10100,9900
640,Михайловск,Свердловская область,8921,9088,9191,9306,9387,9436,9555,9900,9852
641,Суоярви,Карелия,8920,9053,9076,9126,9270,9383,9531,9800,9766
642,Серафимович,Волгоградская область,8914,8987,9052,9106,9174,9305,9311,9400,9368
643,Пудож,Карелия,8897,9044,9153,9183,9269,9408,9536,9700,9698
644,Козловка,Чувашия,8866,9058,9195,9335,9449,9723,9977,10400,10359
645,Нея,Костромская область,8865,8964,9001,9132,9242,9377,9587,9800,9827
646,Углегорск,Сахалинская область,8860,9070,9198,9395,9597,9871,10116,10400,10381
647,Сольцы,Новгородская область,8803,8995,9099,9221,9267,9393,9563,10100,10086
648,Белозерск,Вологодская область,8786,8914,9054,9172,9380,9481,9544,9567,9532
649,Магас,Ингушетия,8771,7818,6880,5841,4756,4106,3367,2581,2502
650,Городовиковск,Калмыкия,8768,8798,8799,8899,9010,9139,9327,9600,9565
651,Перевоз,Нижегородская область,8763,8928,9041,8902,8949,8918,9018,9182,9201
652,Порхов,Псковская область,8743,8926,9172,9336,9588,9898,10278,10572,10608
653,Гремячинск,Пермский край,8732,9000,9208,9430,9599,9863,10257,10800,10752
654,Волчанск,Свердловская область,8722,8885,9130,9376,9534,9643,9803,10000,10010
655,Мариинский Посад,Чувашия,8702,8755,8754,8772,8778,8892,9019,9100,9088
656,Теберда,Карачаево-Черкесия,8670,8680,8709,8739,8776,8825,8901,9100,9058
657,Устюжна,Вологодская область,8622,8712,8804,8859,8942,9089,9306,9501,8343
658,Верхотурье,Свердловская область,8612,8651,8678,8748,8771,8776,8809,8800,8820
659,Лаишево,Татарстан,8604,8518,8361,8228,8161,7981,7805,7738,7735
660,Ардатов,Мордовия,8584,8734,8799,8888,8976,9126,9324,9400,9400
661,Починок,Смоленская область,8545,8688,8641,8684,8675,8697,8699,8800,9000
662,Липки,Тульская область,8541,8976,9048,9011,8950,8874,8759,8700,8719
663,Облучье,Еврейская автономная область,8540,8742,8792,8811,8851,8910,9033,9303,9379
664,Бирюсинск,Иркутская область,8497,8477,8484,8545,8602,8701,8815,8946,8981
665,Болгар,Татарстан,8476,8571,8563,8542,8606,8608,8615,8638,8650
666,Ветлуга,Нижегородская область,8455,8501,8470,8503,8555,8730,8800,8959,8954
667,Ядрин,Чувашия,8387,8451,8585,8691,8766,8983,9220,9600,9614
668,Юрьевец,Ивановская область,8281,8378,8536,8784,9092,9404,9746,10200,10210
669,Сычёвка,Смоленская область,8220,8228,8266,8246,8212,7787,7925,8100,7500
670,Костерёво,Владимирская область,8216,8340,8460,8641,8734,8867,8993,9112,9073
671,Новая Ладога,Ленинградская область,8203,8413,8483,8585,8800,8725,8767,8800,8838
672,Комсомольск,Ивановская область,8189,8366,8466,8561,8631,8725,8679,8700,8693
673,Медынь,Калужская область,8109,8032,7849,7713,7830,7913,8136,8277,8300
674,Олонец,Карелия,8091,8130,8162,8249,8402,8645,8818,9100,9056
675,Западная Двина,Тверская область,8089,8249,8347,8467,8630,8841,9045,9400,9378
676,Инсар,Мордовия,8010,8169,8331,8431,8555,8587,8632,8700,8687
677,Никольск,Пензенская область,7996,8026,7976,7989,8063,8223,8403,8500,8476
678,Алупка,Крым,7990,8017,7948,7849,7771,8520,8497,8493,8425
679,Мамоново,Калининградская область,7953,8056,8084,8075,8105,8028,8055,7800,7761
680,Городище,Пензенская область,7885,7951,7966,8027,8114,8183,8143,8100,8096
681,Макушино,Курганская область,7811,7810,7887,7896,7984,8161,8229,8335,8338
682,Белинский,Пензенская область,7694,7843,7971,8151,8323,8413,8492,8521,8565
683,Дно,Псковская область,7683,7855,7982,8089,8292,8475,8736,9025,9061
684,Старица,Тверская область,7676,7872,8011,8116,8265,8367,8506,8600,8607
685,Мглин,Брянская область,7578,7884,8161,8052,7877,7785,7866,7887,7916
686,Кириллов,Вологодская область,7468,7482,7433,7439,7515,7562,7632,7700,7710
687,Салаир,Кемеровская область,7452,7589,7724,7864,7985,8115,8252,8290,8262
688,Малмыж,Кировская область,7422,7531,7591,7535,7645,7872,8099,8300,8265
689,Советск,Тульская область,7405,7440,7360,7347,7363,7452,7442,7500,7536
690,Лахденпохья,Карелия,7294,7449,7493,7512,7539,7667,7716,7800,7813
691,Бирюч,Белгородская область,7231,7205,7248,7269,7317,7463,7708,7800,7846
692,Новосокольники,Псковская область,7219,7378,7468,7557,7692,7833,7936,8089,8119
693,Спасск,Пензенская область,7106,7178,7175,7232,7209,7270,7347,7410,7442
694,Оханск,Пермский край,7087,7072,7098,7096,7129,7205,7301,7300,7250
695,Андреаполь,Тверская область,7079,7259,7380,7397,7528,7669,7876,8300,8286
696,Полесск,Калининградская область,7011,7041,7033,7115,7291,7434,7541,7600,7581
697,Томмот,Якутия,6935,7046,7194,7327,7508,7666,7858,8100,8057
698,Пучеж,Ивановская область,6813,7078,7284,7463,7624,7868,8159,8600,8588
699,Княгинино,Нижегородская область,6804,7062,7092,7052,6952,6999,6981,6682,6708
700,Велиж,Смоленская область,6788,7016,7068,7078,7188,7266,7456,7600,
701,Севск,Брянская область,6663,6723,6752,6847,6931,7094,7124,7300,7282
702,Орлов,Кировская область,6607,6709,6834,6910,6990,6976,6968,7000,6959
703,Каменногорск,Ленинградская область,6595,6696,6732,6781,6761,6699,6739,6700,6739
704,Сретенск,Забайкальский край,6581,6643,6621,6608,6609,6678,6737,6900,6850
705,Макарьев,Костромская область,6579,6632,6695,6795,6928,7025,7211,7300,7274
706,Макаров,Сахалинская область,6567,6717,6753,6681,6525,6590,6657,6663,6705
707,Спасск-Рязанский,Рязанская область,6553,6555,6613,6776,6971,7229,7487,7700,7745
708,Циолковский,Амурская область,6535,6526,6328,6208,6102,5920,,,5892
709,Багратионовск,Калининградская область,6482,6409,6317,6197,6229,6292,6462,6400,6400
710,Грайворон,Белгородская область,6449,6404,6506,6481,6413,6361,6326,6200,6234
711,Дмитриев,Курская область,6430,6619,6761,6845,7062,7220,7401,7700,7728
712,Сенгилей,Ульяновская область,6405,6568,6622,6702,6783,6861,6871,7000,6958
713,Усолье,Пермский край,6323,6236,6110,5979,5814,5738,5705,5700,5694
714,Зубцов,Тверская область,6300,6373,6380,6456,6590,6697,6804,6900,6927
715,Сурск,Пензенская область,6254,6393,6515,6674,6792,6974,7080,7000,7034
716,Весьегонск,Тверская область,6219,6280,6340,6455,6625,6868,7066,7300,7329
717,Мураши,Кировская область,6218,6322,6384,6491,6574,6596,6634,6800,6750
718,Демидов,Смоленская область,6213,6289,6460,6585,6726,6868,7079,7300,7800
719,Темников,Мордовия,6179,6291,6376,6489,6689,6860,6975,7200,7243
720,Новохопёрск,Воронежская область,6108,6188,6247,6380,6472,6574,6709,6800,6849
721,Красавино,Вологодская область,6021,6084,6194,6301,6431,6616,6783,7000,7004
722,Солигалич,Костромская область,5998,5976,6023,6012,6129,6144,6272,6400,6438
723,Курлово,Владимирская область,5992,6141,6253,6348,6378,6516,6643,6775,6764
724,Юхнов,Калужская область,5985,6079,6153,6292,6462,6726,6854,7008,7056
725,Фатеж,Курская область,5951,5999,5994,5922,5846,5773,5332,5400,5404
726,Шацк,Рязанская область,5935,6029,6120,6262,6307,6404,6440,6600,6561
727,Алзамай,Иркутская область,5908,6040,6136,6189,6313,6451,6620,6705,6730
728,Короча,Белгородская область,5853,5888,5890,5903,5855,5832,5854,5900,5877
729,Пошехонье,Ярославская область,5821,5867,5864,5868,5905,5963,5995,6073,6084
730,Суджа,Курская область,5759,5738,5648,5684,5722,5762,5852,6000,6036
731,Приморск,Ленинградская область,5682,5739,5791,5791,5782,5892,6009,6100,6119
732,Гаврилов Посад,Ивановская область,5657,5715,5832,5939,6050,6177,6280,6400,6434
733,Мышкин,Ярославская область,5647,5738,5775,5866,5946,5987,5983,5933,5932
734,Шиханы,Саратовская область,5560,5665,5738,5834,5777,5842,5918,6100,6067
735,Жиздра,Калужская область,5461,5489,5506,5509,5433,5490,5521,5566,5585
736,Себеж,Псковская область,5401,5452,5449,5480,5660,5869,6100,6342,6375
737,Злынка,Брянская область,5369,5460,5547,5526,5490,5477,5513,5500,5507
738,Пыталово,Псковская область,5348,5335,5406,5424,5447,5574,5687,5819,5826
739,Спас-Клепики,Рязанская область,5331,5411,5490,5610,5666,5788,5846,5900,5916
740,Билибино,Чукотский автономный округ,5292,5348,5453,5592,5588,5451,5486,5494,5506
741,Красный Холм,Тверская область,5140,5234,5243,5320,5367,5430,5506,5600,5608
742,Дмитровск,Орловская область,5105,5181,5252,5332,5424,5480,5537,5600,5648
743,Верея,Московская область,5090,5123,5215,5282,5297,5315,5342,5400,5368
744,Любим,Ярославская область,5076,5125,5137,5150,5177,5328,5341,5500,5555
745,Чухлома,Костромская область,5015,5054,5046,5102,5145,5258,5337,5400,5411
746,Туран,Тыва,4879,4922,4898,4874,4873,4951,4911,4968,4981
747,Шенкурск,Архангельская область,4772,4847,4911,5073,5161,5323,5548,5692,5702
748,Сусуман,Магаданская область,4760,4899,4903,5010,5157,5313,5560,,5855
749,Чердынь,Пермский край,4677,4687,4686,4674,4644,4673,4756,4900,4920
750,Любань,Ленинградская область,4566,4610,4610,4615,4594,4474,4377,4200,4188
751,Игарка,Красноярский край,4544,4754,4975,5117,5346,5648,5924,5924,6183
752,Кадников,Вологодская область,4531,4588,4615,4642,4723,4764,4771,4800,4614
753,Бабушкин,Бурятия,4513,4542,4623,4651,4712,4746,4822,4827,4831
754,Спас-Деменск,Калужская область,4342,4357,4342,4377,4534,4691,4785,4868,4896
755,Певек,Чукотский автономный округ,4329,4547,4743,4721,4718,4969,4774,4200,4162
756,Мосальск,Калужская область,4202,4161,4084,4165,4239,4299,4263,4264,4288
757,Правдинск,Калининградская область,4144,4171,4212,4241,4288,4318,4314,4300,4323
758,Духовщина,Смоленская область,4103,4184,4171,4125,4117,4100,4225,4400,4100
759,Славск,Калининградская область,4074,4145,4269,4330,4408,4503,4575,4600,4614
760,Пустошка,Псковская область,4017,4083,4186,4271,4295,4385,4493,4603,4619
761,Нестеров,Калининградская область,4001,4086,4225,4333,4383,4436,4514,4600,4595
762,Ладушкин,Калининградская область,3937,4007,4025,4068,3952,3884,3873,3800,3787
763,Озёрск,Калининградская область,3935,4108,4255,4357,4433,4542,4642,4700,4740
764,Мещовск,Калужская область,3837,4037,4036,3961,4036,4109,4101,4090,4100
765,Томари,Сахалинская область,3810,3774,3858,3955,4033,4177,4354,4505,4541
766,Среднеколымск,Якутия,3489,3488,3490,3502,3484,3544,3505,3500,3525
767,Гдов,Псковская область,3460,3542,3600,3743,3832,3971,4118,4331,4379
768,Чёрмоз,Пермский край,3457,3519,3566,3597,3627,3709,3763,3900,3861
769,Холм,Новгородская область,3422,3445,3493,3552,3633,3704,3829,3800,3830
770,Малоархангельск,Орловская область,3276,3293,3300,3359,3462,3520,3565,3600,3620
771,Мезень,Архангельская область,3267,3287,3325,3352,3353,3419,3490,3599,3575
772,Новоржев,Псковская область,3252,3296,3358,3403,3477,3544,3618,3678,3695
773,Белый,Тверская область,3197,3268,3311,3393,3432,3558,3655,3800,3772
774,Краснознаменск,Московская область,3188,3237,3282,3324,3362,3410,3494,3500,3522
775,Новосиль,Орловская область,3175,3216,3267,3346,3447,3471,3598,3700,3658
776,Кологрив,Костромская область,2955,3032,3067,3080,3147,3240,3286,3300,3314
777,Северо-Курильск,Сахалинская область,2507,2587,2501,2448,2487,2560,2634,2531,2536
778,Сольвычегодск,Архангельская область,2032,2098,2148,2217,2261,2350,2398,2448,2460
779,Кедровый,Томская область,2024,2041,2049,2129,2187,2194,2290,2500,2451
780,Приморск,Калининградская область,1971,1960,1929,1943,1945,1923,1950,2000,1956
781,Горбатов,Нижегородская область,1934,1982,2004,2049,2123,2176,2240,2267,2278
782,Островной,Мурманская область,1847,1876,1960,2065,2038,2073,2075,2194,2171
783,Плёс,Ивановская область,1766,1796,1893,1984,2089,2196,2248,2300,2340
784,Артёмовск,Красноярский край,1688,1705,1777,1837,1896,1970,2051,2200,2179
785,Курильск,Сахалинская область,1607,1547,1646,1670,1757,1890,1961,2062,2070
786,Верхоянск,Якутия,1122,1131,1125,1150,1173,1212,1245,1300,1311
787,Высоцк,Ленинградская область,1115,1120,1131,1152,1155,1183,1214,1238,1244
788,Чекалин,Тульская область,914,941,965,964,975,985,979,1000,994
789,Иннополис,Татарстан,268,102,96,10,,,,,
